F1,F2,F3,F4,F5,F6,F7,F8,F9,F10,F11,F12,F13,F14,F15,F16,F17,F18,F19,F20,F21,F22,F23,F24,F25,F26,F27,F28,F29,F30,F31,F32,F33,F34,F35,F36,F37,F38,F39,F40,F41,F42,F43,F44,F45,F46,F47,F48,F49,F50,F51,F52,F53,F54,F55,F56,F57,F58,F59,F60,F61,F62,F63,F64,labels
237,249,254,263,269,282,296,296,237,259,267,272,269,272,285,300,246,285,303,308,302,293,285,291,256,291,316,301,303,312,295,277,260,281,306,303,296,297,288,278,242,262,287,307,296,282,283,293,229,242,256,272,274,272,277,286,227,236,242,249,257,263,268,281,1
246,258,261,272,282,294,290,271,240,256,271,290,309,305,315,314,253,281,320,347,342,315,297,308,284,327,374,398,377,329,291,278,315,348,389,403,377,335,302,294,269,301,348,361,340,316,307,325,243,266,301,308,302,294,304,313,245,258,274,283,291,303,301,288,1
228,234,238,249,248,257,275,264,217,225,247,270,276,270,277,272,222,245,294,321,320,308,297,307,228,262,314,290,299,328,304,304,228,265,308,291,306,326,305,305,232,261,292,314,320,311,302,305,224,243,262,280,289,286,287,319,222,234,248,259,270,271,290,299,1
228,244,255,273,285,295,311,285,230,247,265,278,286,285,300,323,237,263,292,315,322,312,298,316,240,272,309,290,293,327,305,289,236,268,306,294,301,327,309,301,233,259,299,320,323,309,301,305,226,240,264,281,289,284,287,295,213,228,240,252,261,262,268,273,1
231,242,247,253,268,292,294,283,230,237,253,272,284,286,287,287,234,254,291,323,331,315,302,310,243,274,319,329,335,344,310,310,250,281,313,322,341,348,310,312,247,266,293,314,328,313,302,331,242,253,272,287,294,291,308,330,232,238,258,264,281,292,304,297,0
235,244,259,268,295,304,290,277,239,249,263,284,291,302,317,323,242,267,303,329,331,318,308,327,255,283,324,326,318,340,313,298,253,281,321,329,333,346,318,304,247,270,296,323,336,320,304,312,234,248,266,279,289,296,298,305,222,235,240,260,271,283,286,279,0
224,232,244,261,256,253,246,232,222,233,257,270,280,290,290,272,233,246,263,281,289,293,301,317,235,253,292,330,333,326,296,295,235,260,310,320,308,339,305,279,232,253,294,330,340,325,304,306,235,243,262,291,302,292,291,319,225,236,246,262,272,282,297,292,1
215,230,241,248,246,248,235,219,219,234,248,259,272,274,277,252,235,245,262,277,283,283,299,310,233,257,296,328,332,314,292,307,235,264,313,312,310,331,293,273,238,259,300,333,331,313,293,295,233,247,265,284,297,292,305,325,232,243,245,262,283,291,305,282,1
239,257,270,295,298,310,292,284,247,261,279,295,297,311,339,337,252,274,316,350,355,339,326,357,253,298,353,348,344,369,330,315,250,294,348,343,357,376,338,338,243,278,322,358,370,349,331,355,235,255,282,303,317,316,325,339,234,243,264,281,300,313,319,300,0
232,247,262,285,300,295,267,264,244,254,269,288,299,317,333,304,250,275,318,352,354,336,334,355,258,298,354,328,313,358,326,341,245,288,345,317,317,364,328,311,243,273,320,362,369,344,326,358,239,256,282,316,321,316,315,324,232,235,255,278,291,304,297,293,0
259,263,267,278,289,311,331,332,260,265,277,298,300,302,307,338,265,284,316,343,348,335,308,322,267,294,334,319,314,355,328,301,262,298,329,333,335,355,324,308,264,288,312,335,343,330,316,321,253,266,286,302,307,302,312,345,246,257,270,279,299,306,326,327,1
267,272,279,292,316,340,331,315,271,286,304,316,315,324,338,356,267,295,329,352,352,338,321,348,268,308,340,306,325,359,320,304,267,295,333,334,345,356,322,310,261,285,311,339,344,328,313,318,248,264,278,293,307,308,303,329,240,253,266,272,281,292,310,312,1
224,228,234,235,238,250,270,259,224,239,259,261,265,264,268,287,232,259,290,308,311,297,278,295,238,262,302,291,303,330,301,289,240,265,297,311,321,327,301,298,233,257,281,296,303,293,283,290,220,235,250,260,268,269,264,260,224,227,231,241,247,242,245,263,1
224,227,236,247,269,294,292,240,231,241,256,263,266,277,306,307,248,276,303,307,294,280,297,349,262,302,307,305,322,296,291,324,259,298,294,289,325,300,281,279,246,283,312,318,308,287,281,327,239,260,282,289,279,274,280,327,231,240,255,265,264,266,288,328,1
235,244,256,260,277,296,308,291,233,250,269,279,291,299,313,331,242,264,291,311,320,313,296,298,243,271,308,292,308,337,305,280,239,270,305,286,307,338,313,294,237,263,292,318,325,314,301,303,244,250,267,281,287,286,294,306,237,244,258,268,278,285,302,316,0
218,233,242,237,251,266,267,235,247,251,270,275,286,290,305,289,255,273,301,321,322,316,300,305,245,281,314,297,316,332,301,285,240,276,313,292,314,335,302,280,238,269,303,327,329,315,300,307,233,251,271,288,298,298,309,325,231,248,266,280,291,304,315,310,0
258,253,266,279,295,313,327,335,248,259,281,298,302,296,308,353,253,275,314,345,352,337,312,340,263,296,334,307,328,360,327,317,266,289,324,301,331,354,322,322,252,274,305,333,339,326,313,320,245,260,277,291,299,299,298,314,247,259,266,277,285,289,301,325,0
252,256,256,269,274,293,315,292,244,253,273,290,298,301,318,330,252,275,314,342,342,325,310,335,269,298,335,305,335,350,322,334,265,295,327,296,335,354,323,346,255,282,310,337,342,329,314,329,245,263,281,298,306,296,295,320,244,252,260,268,275,279,298,338,0
234,238,243,257,263,284,298,275,229,237,259,271,277,280,297,318,233,253,286,316,318,311,293,303,243,271,308,299,290,330,306,286,245,273,305,287,286,327,307,294,237,260,287,312,323,313,292,289,225,242,257,273,284,281,273,288,218,231,239,243,251,259,276,290,1
218,225,234,245,254,263,285,275,229,240,259,273,279,275,280,299,235,257,289,314,321,306,294,311,243,273,304,276,285,321,297,290,245,275,304,285,294,323,290,276,236,259,285,309,314,306,287,293,231,242,258,277,282,278,278,295,233,238,250,257,265,276,280,305,1
216,228,245,263,281,296,285,267,219,241,263,280,292,289,300,313,235,263,303,331,337,318,301,322,245,284,330,320,326,344,306,299,248,283,325,320,330,346,310,289,236,263,299,330,341,325,301,300,230,245,268,292,299,293,294,307,221,230,243,260,275,284,298,309,0
237,245,256,283,290,287,283,276,237,252,276,298,303,299,306,308,245,270,314,338,341,332,317,328,271,300,346,351,341,352,326,306,275,312,346,357,343,353,330,298,244,279,320,348,361,350,328,318,234,255,283,314,327,322,312,313,227,245,265,293,315,300,291,296,0
31,35,52,57,64,80,92,86,36,43,45,44,37,30,37,55,33,34,31,35,33,41,54,79,25,15,13,18,15,25,41,57,21,19,16,20,19,27,42,57,24,29,30,35,35,43,56,84,25,29,35,41,47,57,71,85,27,28,37,42,52,59,63,75,1
26,22,20,18,16,18,20,19,32,37,32,23,33,38,52,55,33,29,22,17,21,45,82,121,19,10,12,15,15,34,56,65,11,11,12,13,17,32,54,91,24,18,10,11,16,37,73,110,28,32,42,44,50,68,86,109,31,39,49,57,64,77,85,66,1
28,28,24,28,41,46,47,54,20,17,23,34,44,51,62,57,17,19,28,31,36,43,61,98,16,20,19,16,16,24,42,71,17,20,17,18,17,25,45,69,16,18,23,27,34,44,61,85,19,22,26,35,45,53,65,105,23,29,33,35,47,56,84,108,1
32,42,40,52,69,89,114,97,26,32,37,40,47,55,89,131,23,27,28,31,35,44,59,97,18,22,19,16,14,25,45,65,18,18,16,17,18,34,55,81,16,20,27,31,41,55,71,99,22,23,29,41,47,59,78,94,21,29,36,44,51,59,62,71,1
25,29,32,39,52,74,76,73,20,19,25,36,41,54,79,82,17,18,23,28,35,42,67,107,18,20,18,18,16,24,43,81,21,23,18,19,19,31,44,79,15,18,24,27,34,43,62,111,19,22,30,37,48,59,88,126,22,24,32,38,54,78,98,76,0
28,33,42,49,80,92,76,59,24,26,34,44,47,67,109,117,18,25,31,35,38,45,59,116,20,21,24,19,18,25,39,74,18,15,17,17,17,34,51,81,17,20,23,33,40,49,62,96,17,20,28,35,41,59,79,100,17,20,23,32,44,64,79,53,0
25,31,38,54,53,48,39,24,26,35,54,63,75,88,73,51,28,33,33,31,39,52,91,131,21,22,21,22,23,29,44,88,17,19,18,17,15,18,35,65,17,19,19,20,25,32,49,85,17,18,20,28,33,41,69,111,18,24,28,36,45,59,85,69,1
21,27,39,47,35,34,26,18,22,30,39,42,46,56,52,28,24,26,26,28,37,55,98,112,16,17,17,20,23,32,53,110,17,19,18,16,14,19,35,63,16,18,19,23,25,32,53,91,18,22,26,32,40,55,86,125,22,26,30,36,47,62,75,68,1
42,58,63,79,95,110,87,77,39,42,40,49,59,88,140,138,30,29,35,38,41,56,90,158,21,21,23,22,19,28,50,89,20,19,17,18,20,36,63,110,20,24,25,31,42,56,85,141,23,29,32,39,51,71,107,128,27,32,46,55,73,100,112,90,0
37,54,67,85,100,105,73,57,39,43,44,48,59,90,112,84,29,28,33,40,46,60,109,158,21,22,21,21,21,32,62,127,20,22,16,17,20,34,59,105,19,21,25,36,48,59,82,144,26,31,36,45,58,78,109,125,27,32,42,55,63,78,81,66,0
47,48,50,56,67,94,112,109,35,36,35,40,44,55,82,131,27,26,26,29,34,43,54,96,22,18,18,17,15,24,42,59,21,20,15,17,18,27,43,69,21,24,26,30,35,42,57,87,26,30,34,39,44,47,64,112,31,35,41,41,52,62,98,113,1
48,51,52,56,76,111,123,109,38,40,41,43,45,62,101,150,23,25,26,26,29,39,58,116,19,20,19,16,17,23,42,69,23,25,19,18,18,29,45,72,21,23,23,28,32,41,53,85,22,24,27,32,40,49,59,105,22,28,31,36,42,52,78,91,1
23,22,23,24,28,36,62,55,18,20,25,22,28,34,43,75,17,18,19,19,20,25,34,58,18,21,22,15,17,20,32,48,20,21,19,20,19,28,38,52,17,18,19,20,32,36,42,55,14,18,19,23,30,38,41,47,19,17,19,24,26,28,33,51,1
27,31,36,46,72,102,91,52,20,22,27,34,45,69,114,112,17,19,26,31,34,45,81,151,19,17,18,18,22,33,55,82,23,18,17,14,19,31,50,54,16,19,23,24,30,42,65,103,16,20,25,31,35,46,63,95,20,22,27,36,41,53,72,117,1
38,48,55,64,70,95,114,91,30,39,44,47,58,71,105,139,28,31,31,32,33,42,59,90,21,22,20,15,18,23,38,65,21,24,21,16,18,27,50,79,21,20,22,23,31,42,60,85,22,20,24,29,38,48,67,93,22,26,30,36,46,56,79,101,0
36,40,47,44,67,82,82,45,41,36,34,40,67,88,115,106,28,32,34,37,45,58,77,121,20,23,21,15,18,27,47,76,21,24,17,14,18,26,44,71,19,19,22,25,32,44,65,93,20,24,28,33,42,53,76,117,24,29,39,48,62,78,95,97,0
40,41,49,53,68,86,108,120,31,34,39,41,49,54,83,124,26,27,34,35,33,43,61,105,22,21,21,15,19,25,48,80,22,19,15,15,17,31,51,79,21,22,23,28,32,42,54,79,22,22,26,31,38,48,58,83,26,29,30,40,47,55,71,94,0
36,42,41,49,55,82,107,90,29,29,36,40,45,59,97,127,23,24,29,32,36,46,66,118,21,18,19,16,17,30,52,93,23,17,15,14,18,34,54,89,19,20,23,28,35,49,61,95,22,24,26,35,45,51,61,98,30,31,35,39,45,54,71,114,0
28,32,36,41,52,75,105,74,22,23,27,33,38,47,81,119,18,20,24,29,31,38,48,89,16,17,17,16,15,19,36,61,19,23,17,14,14,24,42,61,18,18,20,23,29,38,45,62,16,18,21,26,32,38,44,72,17,20,22,22,28,35,59,88,1
21,24,26,32,42,55,82,70,18,21,26,30,36,44,70,98,15,17,21,24,31,42,59,110,19,19,14,14,14,22,40,72,21,24,16,15,15,24,37,65,16,17,19,23,29,39,47,72,17,19,20,25,34,39,54,83,22,22,28,27,33,45,65,97,1
28,34,44,58,78,87,83,64,24,31,34,41,50,69,100,122,21,24,28,30,36,45,71,118,18,20,20,15,17,24,41,75,19,20,16,15,15,25,44,70,15,17,20,26,35,46,61,86,18,20,25,31,38,45,63,92,19,23,26,33,42,55,74,94,0
36,38,32,38,41,60,76,73,32,39,46,54,55,76,106,119,29,32,45,45,46,56,77,123,28,25,23,18,15,29,47,72,15,14,13,15,18,35,57,78,17,22,16,28,41,51,70,95,25,24,32,30,34,47,65,92,28,32,23,16,20,31,71,70,0
18,27,23,24,26,25,26,31,20,25,26,27,33,41,38,34,23,37,46,45,40,38,31,25,30,49,56,33,35,46,37,28,29,40,50,37,31,38,35,26,24,29,40,43,36,30,27,22,20,24,26,29,28,23,21,20,18,23,21,22,22,22,19,18,1
29,34,41,44,45,49,51,45,19,26,27,36,39,39,38,37,26,41,56,62,61,43,27,18,42,70,74,69,69,49,26,22,55,70,69,63,78,61,38,21,28,48,77,82,71,49,30,22,20,27,36,39,32,21,20,20,21,21,22,24,24,24,22,22,1
20,22,20,22,18,25,32,22,19,18,22,30,30,27,26,21,17,22,41,47,42,41,31,22,17,27,48,33,32,50,38,27,16,26,44,32,36,50,36,26,20,31,41,45,44,40,31,24,21,26,29,30,31,27,24,22,19,20,23,25,25,24,20,17,1
19,21,26,28,28,25,21,18,24,25,28,30,30,28,21,18,25,31,39,45,47,42,30,23,27,36,48,31,31,53,39,27,20,33,47,35,34,48,38,24,24,32,43,46,45,34,28,20,22,27,31,30,29,25,20,20,19,21,21,22,23,20,21,22,1
21,22,25,23,24,27,26,23,21,23,26,29,32,30,23,22,21,27,36,49,47,43,31,21,18,27,46,41,40,55,40,30,23,30,39,35,44,53,39,31,27,33,38,39,44,40,31,24,25,29,32,34,31,26,24,20,22,22,25,24,25,22,20,23,0
22,21,23,24,23,25,23,24,24,26,27,30,32,31,24,19,25,33,43,48,49,41,36,24,28,37,49,38,34,53,42,29,23,35,48,44,44,54,39,27,24,31,40,47,48,39,32,24,21,26,29,31,32,29,24,20,19,21,22,25,25,22,18,24,0
20,22,20,18,19,19,19,16,19,20,21,21,20,20,21,22,21,24,29,35,34,32,23,17,24,28,38,48,50,49,37,24,20,24,38,32,25,53,41,26,17,22,38,48,49,48,35,25,21,24,29,36,36,33,25,21,19,20,23,26,26,24,20,25,1
17,18,20,20,18,23,19,16,18,22,22,22,21,20,21,14,22,25,29,32,31,27,21,19,23,28,41,50,50,44,32,20,18,25,40,30,28,50,36,25,21,29,41,49,49,43,32,21,20,24,29,34,34,28,22,15,20,20,19,23,25,21,23,20,1
20,20,22,24,21,19,19,20,24,26,33,32,29,25,20,20,26,30,43,52,53,43,29,20,29,40,58,46,40,60,41,26,22,34,54,45,47,58,40,26,23,31,47,56,55,45,30,22,23,27,31,36,37,29,24,23,21,22,22,25,25,21,23,20,0
20,20,18,19,20,15,19,20,21,23,26,30,30,30,29,23,27,33,44,50,50,40,25,19,30,39,58,44,41,55,38,23,20,30,54,41,42,59,38,22,24,32,48,57,52,43,29,22,23,27,31,37,36,29,19,17,21,20,23,25,25,24,23,20,0
23,23,23,25,26,23,25,28,26,28,32,36,35,33,26,21,30,36,45,52,50,46,35,26,29,38,49,36,32,54,42,32,24,37,49,43,42,53,41,28,28,36,42,48,48,42,33,25,25,27,33,34,33,31,28,24,20,22,24,26,28,27,22,18,1
23,23,25,28,30,25,20,22,29,31,37,39,38,34,30,20,32,39,49,54,51,46,36,27,31,41,47,27,33,57,40,28,21,27,44,42,46,53,40,30,23,31,42,48,48,41,33,24,22,27,30,33,34,30,27,22,18,21,25,25,27,26,24,19,1
20,22,23,23,23,23,22,22,20,23,26,27,27,24,24,22,20,25,32,38,39,35,28,27,18,21,29,23,25,48,37,31,18,21,32,36,39,44,35,25,17,26,31,38,33,30,27,25,18,21,26,27,27,24,22,22,20,20,20,22,24,22,21,21,1
22,22,22,23,21,22,23,20,26,28,29,29,26,24,19,20,29,38,45,43,38,31,25,22,30,43,40,36,48,38,30,28,25,38,30,28,50,41,28,23,28,38,47,48,43,34,24,25,25,29,34,35,31,28,23,28,22,24,27,27,27,23,22,22,1
21,20,23,20,24,25,20,22,22,22,26,28,27,27,21,19,24,28,35,40,45,41,30,22,24,33,45,32,33,51,38,26,20,25,34,25,34,51,37,24,19,27,36,44,42,37,27,22,23,25,29,31,28,27,22,19,22,23,25,26,25,24,21,19,0
19,26,28,26,20,19,17,20,23,27,33,34,26,20,17,17,26,31,39,43,42,39,28,17,25,36,46,32,39,51,36,23,19,28,41,26,36,50,36,24,23,32,43,47,44,37,26,22,23,25,28,31,30,28,23,18,20,22,24,26,26,23,20,20,0
22,21,23,25,23,25,21,20,22,26,30,34,31,29,24,29,27,33,43,54,56,46,32,28,29,42,55,37,40,58,38,30,26,35,51,36,46,57,37,28,23,32,45,54,50,40,31,24,23,29,32,36,34,30,24,22,24,26,29,28,26,25,23,23,0
21,21,21,23,23,23,21,20,23,25,30,33,32,29,25,20,27,34,45,53,52,42,31,23,29,42,55,36,47,56,38,30,23,40,51,33,48,57,37,27,27,38,45,53,52,38,31,27,25,31,34,37,35,28,26,24,22,24,25,27,26,22,20,23,0
23,22,21,25,23,24,20,21,22,25,30,29,30,28,25,23,24,31,37,45,46,41,34,25,27,32,46,38,33,52,40,30,22,28,39,33,33,51,37,27,19,28,37,47,47,39,32,24,20,25,29,32,33,30,26,22,18,22,23,24,24,25,22,19,1
20,21,22,24,24,23,22,22,24,26,30,32,31,28,24,21,26,33,41,48,48,41,32,22,22,32,45,32,34,51,37,29,20,29,43,34,37,49,36,25,23,28,37,44,43,38,30,25,23,26,29,32,30,28,24,20,20,23,25,25,25,28,21,23,1
19,22,22,23,23,26,20,20,20,24,29,31,33,27,22,19,25,31,43,52,51,45,29,22,26,37,49,33,36,55,38,28,21,31,47,36,39,54,38,27,22,30,43,50,51,42,29,22,21,25,30,35,34,32,26,23,19,20,24,24,27,25,24,20,0
20,26,37,41,45,30,19,19,22,26,32,34,36,28,20,20,25,31,40,48,49,43,32,23,30,40,59,46,42,55,44,31,40,50,60,48,38,52,39,25,28,39,60,57,56,51,33,24,21,25,35,46,52,46,34,25,19,24,39,44,44,39,25,21,0
27,25,21,22,24,22,22,23,22,22,28,27,28,28,24,20,25,29,34,37,36,33,28,26,27,33,38,32,34,37,33,28,28,31,32,30,33,39,34,27,24,31,31,32,32,31,30,25,22,21,23,27,26,25,25,24,19,20,21,21,20,20,23,29,1
25,32,24,24,22,22,28,30,30,26,29,32,29,28,22,30,23,32,37,38,40,36,28,21,30,40,47,48,45,38,33,33,40,42,43,35,43,37,29,23,30,36,43,44,36,31,28,26,23,24,30,31,29,27,24,21,21,22,25,23,25,25,26,24,1
23,28,30,32,33,26,30,28,22,27,30,29,28,25,24,32,27,30,36,38,37,35,31,26,29,34,36,29,33,41,33,30,27,31,35,28,31,39,34,29,25,29,34,37,35,33,31,28,25,26,28,28,26,27,26,27,22,23,25,24,24,23,23,19,1
26,24,29,27,24,23,19,20,22,25,28,27,29,29,26,23,23,30,32,34,36,32,30,26,26,34,35,27,30,36,33,27,25,31,35,30,32,36,34,26,24,28,34,38,36,31,29,23,23,25,28,28,26,24,23,21,20,20,23,22,21,21,21,23,1
26,27,27,26,29,28,25,25,27,29,29,29,30,30,27,26,28,34,38,37,38,35,32,27,30,34,41,35,35,41,37,33,29,33,39,39,39,38,37,30,30,30,36,36,41,36,29,29,26,28,29,29,32,29,24,24,24,24,24,26,25,25,24,28,0
26,26,31,29,25,26,29,29,29,30,29,32,33,31,24,25,27,30,33,38,38,34,32,27,30,33,36,36,32,38,36,29,28,34,38,36,38,41,34,28,28,32,37,38,38,38,26,25,26,28,31,30,29,30,27,30,25,27,27,28,28,28,28,32,0
21,23,27,24,29,28,28,31,22,22,23,24,25,27,35,34,22,27,29,33,36,32,27,20,25,29,36,41,44,44,33,27,26,31,38,35,28,45,37,29,25,30,36,42,41,40,34,28,24,28,32,34,35,31,28,24,23,24,24,25,26,30,24,22,1
21,23,21,22,32,29,29,27,20,22,24,31,41,36,36,45,22,26,29,34,34,32,24,23,25,30,35,40,43,41,31,24,24,29,38,29,33,43,35,27,26,31,35,40,43,38,33,26,25,27,31,34,32,32,26,26,24,28,28,30,34,32,31,26,1
25,24,24,28,25,28,28,28,25,25,29,35,33,28,25,24,26,30,38,42,43,38,29,27,28,39,44,38,36,44,39,35,27,36,43,35,38,45,38,31,27,35,39,45,43,41,35,28,24,27,34,34,32,32,27,23,23,24,26,27,26,25,22,22,0
20,21,23,24,23,22,22,30,23,25,31,29,29,27,27,32,26,35,43,52,43,37,29,26,31,37,45,35,32,43,35,32,27,33,38,29,30,43,36,25,27,32,39,43,44,37,30,27,24,27,31,33,32,29,23,24,23,22,24,25,28,29,24,32,0
22,22,24,22,23,22,24,30,27,26,28,32,28,31,27,26,28,31,37,41,38,36,29,27,29,32,39,34,31,40,34,30,27,31,40,36,37,39,34,29,28,30,35,37,37,38,28,27,26,27,27,30,27,30,29,30,26,24,27,28,29,29,27,24,1
24,25,26,28,29,28,24,23,29,28,31,31,32,35,30,25,29,30,36,38,39,34,32,33,29,36,35,25,32,43,32,29,27,33,39,38,41,42,31,31,30,31,36,35,38,36,30,28,26,25,30,32,32,30,29,29,25,26,26,27,27,27,28,28,1
25,27,27,27,28,31,31,24,27,32,35,38,35,33,33,29,26,36,43,44,48,44,36,35,28,35,37,29,30,46,42,34,28,35,40,38,42,41,37,37,29,31,41,40,39,36,36,34,24,26,29,30,32,32,30,28,23,24,24,26,27,26,26,29,1
21,20,25,24,23,22,26,21,25,29,30,29,29,27,23,25,28,34,35,40,39,32,28,27,31,35,34,33,41,38,34,33,33,36,28,27,44,39,35,39,32,33,39,41,39,33,31,32,27,32,33,33,33,31,30,27,26,27,28,28,27,27,28,29,1
19,22,23,24,23,22,23,20,22,25,29,30,31,28,26,22,26,33,38,38,39,35,31,26,30,31,39,30,29,37,34,25,25,30,34,25,28,37,33,26,25,29,35,37,37,33,29,24,25,25,29,28,27,26,24,25,21,22,23,25,21,21,21,22,0
20,21,21,19,18,18,25,26,23,24,27,27,27,24,23,23,28,28,37,37,35,34,29,20,26,32,36,29,32,35,33,26,23,29,37,28,30,39,30,23,24,33,36,38,38,34,28,24,23,26,27,30,31,31,26,23,21,24,28,24,23,27,25,25,0
26,23,25,27,28,28,27,27,25,26,29,32,32,30,28,28,27,33,34,39,43,40,30,30,33,35,43,31,35,39,35,26,28,29,38,27,38,42,33,30,30,31,37,37,39,36,30,31,25,29,31,32,30,30,31,29,24,25,28,29,29,28,25,31,0
21,24,24,24,25,24,25,20,24,27,31,31,31,29,25,25,26,32,36,41,41,34,29,25,31,35,42,30,38,41,34,31,29,34,39,29,38,43,35,33,29,31,37,39,41,38,30,27,25,25,31,33,30,31,28,28,24,25,26,24,23,25,28,27,0
21,24,23,23,23,22,23,21,21,24,28,28,29,27,25,25,23,26,34,36,36,34,29,26,28,32,38,28,28,35,33,29,24,31,35,26,28,37,33,31,22,28,34,35,34,34,30,28,24,26,26,29,29,24,23,24,22,21,22,23,22,23,23,23,1
21,23,25,26,25,24,25,26,25,28,26,27,31,29,23,24,24,30,32,36,36,33,25,22,25,33,35,25,28,35,33,26,26,30,38,31,32,41,33,27,25,28,34,36,39,35,29,33,21,24,25,29,30,26,23,25,27,23,23,26,27,24,23,27,1
21,20,21,24,22,23,34,33,20,25,29,30,29,27,23,21,25,27,34,39,40,33,28,24,28,31,39,34,34,40,33,28,26,30,36,31,36,41,34,26,23,30,33,33,36,34,29,26,21,26,29,29,28,28,24,24,20,21,23,25,26,26,29,28,0
24,22,29,30,30,28,30,29,21,24,27,31,32,28,24,24,26,30,35,38,40,35,31,24,31,35,39,41,38,40,34,31,29,38,39,43,39,35,34,25,26,30,30,37,39,33,30,27,23,30,32,32,33,31,27,25,21,23,25,25,29,27,26,37,0
18,20,16,18,20,19,25,26,16,23,19,25,25,30,36,34,20,34,34,29,33,29,25,21,28,39,42,32,28,36,30,22,32,35,39,33,27,29,26,21,23,22,29,34,29,24,20,17,17,20,22,24,24,20,15,14,16,19,18,18,18,18,19,17,1
22,27,35,46,61,73,53,37,17,21,35,54,63,57,65,56,23,28,45,64,65,40,18,13,38,43,61,65,73,48,30,24,51,55,65,46,54,43,33,20,25,31,46,43,44,40,25,16,16,22,31,29,27,18,16,14,15,16,19,20,16,18,18,22,1
19,15,16,21,18,25,34,21,15,17,20,25,25,22,28,25,18,22,30,36,35,31,23,17,20,25,38,29,31,39,31,20,22,32,40,28,35,38,28,23,25,30,33,37,35,30,24,18,15,22,24,27,27,24,19,15,15,16,19,21,21,18,15,12,1
16,19,23,26,25,20,20,15,18,22,24,26,27,21,16,12,23,23,31,35,37,31,23,17,24,29,38,32,30,40,30,22,28,32,38,31,35,39,27,21,24,29,33,36,34,25,22,17,18,20,24,26,29,21,16,16,15,16,16,17,19,18,21,17,1
18,20,20,18,20,24,23,20,20,21,22,24,27,25,18,16,23,25,31,38,40,34,24,17,27,32,39,36,37,42,30,23,27,35,39,33,40,43,30,25,24,28,32,32,34,30,26,18,21,22,26,28,26,21,20,13,18,18,22,21,22,18,15,18,0
14,16,17,19,23,18,16,18,20,22,23,26,25,22,19,17,23,27,33,38,37,32,27,18,28,31,38,37,33,43,32,21,33,37,43,38,38,42,31,21,27,30,33,37,38,29,25,19,20,22,25,28,28,24,19,13,15,19,17,23,21,18,13,20,0
18,16,16,16,13,13,15,15,14,14,17,17,15,16,21,23,18,19,25,30,28,25,18,12,19,25,34,39,39,35,29,19,24,29,39,33,26,40,31,20,26,26,32,36,38,35,28,18,22,23,24,28,28,24,19,17,14,18,18,23,23,20,18,25,1
13,16,18,16,17,20,16,14,15,17,16,20,25,23,25,18,20,21,24,27,25,22,16,17,20,26,33,38,37,32,26,14,24,31,36,30,30,38,29,19,21,25,34,36,37,34,23,15,17,22,22,25,29,22,19,13,16,17,16,21,20,22,25,14,1
15,16,19,22,15,18,17,19,19,22,27,26,23,19,15,15,23,27,33,40,41,32,23,15,25,35,48,42,40,46,34,23,31,38,49,41,43,47,32,22,27,31,39,43,44,35,24,17,19,24,27,30,29,22,15,20,16,18,21,20,22,18,16,17,0
15,15,13,17,19,15,14,17,19,19,20,26,24,22,25,23,22,26,34,40,37,31,19,17,26,35,47,39,39,45,30,22,28,38,49,38,38,44,30,18,24,31,35,43,39,31,24,16,20,22,25,32,31,22,14,13,17,15,19,22,21,22,17,21,0
19,18,21,22,22,24,21,22,22,21,24,28,28,25,20,16,26,28,36,38,39,34,27,20,29,37,44,34,30,44,33,23,29,39,41,40,37,42,32,22,27,33,35,38,38,30,27,18,21,23,27,30,27,24,23,18,16,18,19,20,28,23,18,14,1
21,19,21,23,27,22,16,16,23,29,32,33,29,29,24,17,25,33,38,42,43,36,28,23,29,35,44,29,36,43,32,24,32,34,42,38,42,40,33,21,27,32,34,41,38,32,25,19,18,24,24,26,27,28,22,17,16,18,20,20,22,23,21,16,1
18,18,21,19,18,17,17,18,20,21,22,22,22,21,20,19,25,27,30,32,32,27,22,20,27,28,32,24,30,39,29,26,26,29,34,31,35,37,27,20,23,28,28,30,29,25,20,19,20,21,24,25,23,19,19,17,18,19,19,22,20,16,15,16,1
18,18,18,19,17,17,18,15,20,21,24,26,24,19,15,18,28,32,35,34,30,24,20,17,31,42,36,34,42,30,23,36,29,40,31,27,40,33,22,32,25,34,37,38,34,27,18,22,22,27,30,32,25,21,17,31,20,20,25,26,23,18,20,25,1
20,17,17,14,21,19,18,19,18,19,22,22,25,23,17,15,21,22,29,34,34,32,24,20,23,31,37,31,32,42,29,20,25,31,39,29,35,40,27,18,24,30,32,38,36,29,22,18,23,24,26,26,24,20,18,14,17,17,20,22,23,21,19,17,0
13,18,16,17,14,14,16,16,19,21,35,29,21,15,13,14,23,29,30,34,33,29,23,13,26,29,38,31,34,40,28,18,27,31,39,28,36,39,30,19,24,28,31,37,36,29,22,16,18,23,26,27,26,23,21,16,16,21,20,26,24,19,19,11,0
16,16,19,19,19,22,18,17,18,23,26,29,26,22,19,26,22,27,35,42,41,34,23,22,27,36,44,33,38,47,32,25,34,39,44,33,40,40,30,22,27,33,36,40,40,32,26,21,22,26,27,29,29,25,21,20,21,24,25,26,26,23,19,21,0
20,21,18,21,19,17,17,17,20,20,22,24,26,22,16,14,23,27,36,41,38,30,24,17,31,37,45,32,42,41,30,23,34,39,46,29,40,41,28,23,27,32,35,40,38,28,25,20,22,26,26,28,27,22,18,17,19,20,20,21,22,19,18,21,0
20,17,18,20,19,20,13,17,20,18,23,25,25,22,19,16,21,26,29,36,37,31,26,18,23,31,40,37,32,43,32,23,28,28,41,32,32,39,29,22,27,30,33,36,37,31,22,20,20,23,25,26,27,24,20,16,16,19,20,21,21,20,18,14,1
17,16,17,19,20,18,18,20,22,21,26,28,26,20,16,16,25,25,32,37,38,31,25,16,29,31,40,29,33,41,28,20,27,32,39,31,35,39,27,19,23,28,32,36,34,29,24,19,19,21,22,25,26,23,19,18,17,18,20,20,20,24,17,16,1
14,15,18,20,19,24,18,18,16,18,23,26,29,20,18,15,21,27,34,40,40,33,24,18,23,33,43,34,34,41,32,23,30,36,40,33,33,43,31,21,25,26,35,39,40,32,21,16,21,22,26,30,29,26,23,19,16,16,19,21,22,20,19,18,0
16,18,20,35,37,33,22,18,19,20,24,29,29,22,16,13,20,25,32,38,38,35,24,16,29,34,47,36,32,40,37,27,34,43,49,41,32,42,32,21,23,31,42,43,40,39,28,18,18,23,27,43,39,35,26,18,14,19,26,53,65,47,18,22,0
160,170,177,186,193,206,222,222,158,180,187,192,188,194,192,198,167,205,224,227,222,214,207,213,177,212,237,217,215,229,215,199,180,201,225,220,209,215,208,198,164,182,207,226,214,203,202,214,152,164,177,192,195,192,198,208,150,158,165,171,177,183,191,204,1
167,179,183,194,205,217,212,196,161,176,191,211,230,227,239,237,173,200,238,266,262,236,220,232,203,246,290,308,293,249,211,201,235,266,304,313,291,253,222,213,188,217,264,276,256,234,228,247,165,185,218,225,219,211,224,235,165,179,195,202,208,221,222,209,1
153,158,161,171,172,181,199,188,139,147,170,193,199,195,201,196,145,167,216,242,241,231,221,231,151,185,234,212,220,250,228,225,149,187,229,211,226,247,228,223,154,183,213,235,240,234,226,229,148,166,183,200,210,208,211,243,145,156,171,181,192,195,214,223,1
156,172,182,199,212,223,238,214,155,171,188,202,211,211,226,249,163,188,217,239,247,238,225,242,166,198,234,214,216,252,231,211,162,193,231,216,225,253,237,229,158,185,222,243,246,233,228,232,150,164,186,204,212,208,211,220,137,152,164,175,184,186,192,197,1
156,165,170,177,192,215,217,206,154,161,175,195,206,209,211,211,159,178,213,245,253,237,225,232,167,197,241,247,252,266,232,234,175,204,234,240,259,268,233,233,170,190,216,235,248,234,225,254,166,177,195,209,217,213,231,254,157,162,180,188,202,216,227,219,0
158,167,183,192,219,227,212,201,164,173,187,207,214,223,240,241,167,191,226,252,254,241,231,249,180,208,249,243,233,262,237,225,177,205,243,243,248,270,241,229,170,193,219,246,257,242,227,235,158,172,189,202,211,218,221,229,147,159,164,183,194,207,210,203,0
153,160,170,188,182,177,171,157,150,162,183,198,206,218,216,198,161,173,188,205,213,217,226,242,161,178,215,252,255,249,220,220,161,185,231,236,223,260,229,204,159,179,217,250,260,247,227,229,161,168,185,213,223,214,215,242,149,160,169,185,195,207,221,215,1
144,156,169,176,174,176,162,146,147,162,175,187,200,202,205,178,160,171,186,202,207,208,224,235,159,181,218,250,254,238,217,231,160,187,233,227,226,253,218,198,164,185,224,254,254,238,221,223,157,171,189,208,221,216,230,250,156,167,169,186,205,211,225,202,1
161,179,193,217,218,231,213,208,169,183,200,216,219,231,259,259,174,194,237,270,276,259,246,280,176,219,272,265,260,286,249,237,172,214,266,259,273,293,258,258,165,198,242,278,289,267,251,277,157,177,202,223,236,234,245,259,155,165,186,202,221,234,239,222,0
153,170,184,207,223,217,190,188,165,174,190,209,219,237,254,226,172,197,238,272,273,255,253,277,180,219,275,245,230,276,247,263,166,208,264,232,233,282,247,232,165,194,239,281,284,261,244,276,162,177,202,233,241,235,235,245,153,157,178,200,210,224,218,213,0
183,186,191,201,213,235,255,258,183,188,200,221,222,226,231,262,188,206,237,263,268,255,231,246,188,216,253,235,228,272,248,224,183,219,249,251,252,272,245,232,186,210,233,256,262,250,239,245,175,187,208,224,228,223,234,267,169,179,192,201,221,228,249,250,1
189,194,201,214,239,263,256,239,193,207,224,237,237,246,261,280,188,215,247,270,270,257,243,272,190,226,256,219,239,276,242,228,188,215,253,251,263,274,244,233,183,206,232,260,265,250,235,242,168,185,199,214,228,230,225,252,162,175,188,194,203,215,232,234,1
152,155,161,161,164,177,197,185,149,163,182,183,188,188,192,211,156,180,210,228,231,219,201,217,160,183,221,208,220,250,224,213,162,185,218,229,239,247,223,218,156,179,201,216,223,214,206,213,145,159,173,184,189,190,187,184,149,149,154,165,169,165,168,186,1
152,154,163,174,195,222,219,168,155,165,179,187,191,202,231,232,170,198,225,229,217,204,221,273,185,223,228,224,244,219,215,244,182,220,213,208,247,224,207,202,171,206,235,240,231,212,208,253,162,181,203,210,201,198,204,251,154,162,178,186,187,190,212,254,1
160,167,178,182,199,221,235,218,158,174,192,201,214,223,238,256,167,188,213,233,241,234,219,219,167,194,230,212,225,257,225,201,163,193,226,204,225,258,233,216,161,186,214,238,245,235,222,225,166,174,190,203,208,208,216,230,160,166,180,191,200,207,223,238,0
145,159,169,163,177,193,195,163,172,175,192,197,207,212,229,213,179,197,223,243,244,238,223,232,170,205,238,215,236,253,224,208,164,199,234,207,231,254,223,203,161,191,225,248,249,236,221,228,157,174,192,210,217,219,229,248,154,171,187,202,213,226,237,231,0
182,177,191,203,218,236,249,258,171,183,204,220,224,218,230,277,176,197,236,268,274,259,233,264,186,219,256,226,247,282,248,241,189,213,247,221,251,275,244,244,175,197,227,255,260,247,234,241,168,183,199,213,220,219,218,233,170,182,189,199,207,211,221,247,0
176,180,180,192,197,217,237,215,167,176,197,213,219,222,240,253,174,197,237,264,264,244,231,255,191,221,258,224,254,270,242,256,186,217,250,214,255,274,245,253,177,204,232,258,263,247,235,252,167,184,201,219,226,216,216,242,166,174,182,190,196,199,218,259,0
161,166,170,183,191,212,227,205,156,164,185,196,202,206,224,246,161,181,211,239,243,235,219,229,170,197,233,222,212,253,231,214,172,199,230,210,207,250,231,221,164,186,213,237,247,236,217,216,152,168,184,199,210,206,200,216,144,158,166,171,178,186,203,218,1
144,153,161,172,182,192,214,204,157,167,185,199,204,201,208,228,163,184,215,239,245,232,220,239,171,199,229,198,208,246,222,217,172,202,229,208,216,248,216,202,164,185,212,234,239,230,212,219,156,169,184,200,207,204,204,223,157,161,173,179,187,201,207,232,1
143,155,173,191,209,223,214,196,146,168,190,206,218,215,227,240,161,188,227,255,261,243,226,248,168,206,251,237,243,264,228,222,171,204,246,237,244,266,232,212,160,185,221,250,261,245,223,222,153,167,190,214,219,214,215,230,144,153,166,182,198,206,220,231,0
165,171,182,208,215,212,208,201,161,175,200,221,225,222,229,231,169,192,237,261,263,254,240,251,193,221,267,268,257,273,249,229,197,233,267,272,257,273,252,220,168,201,242,269,281,272,249,241,157,178,205,237,249,245,234,235,150,168,188,215,237,223,213,219,0
40,41,41,40,38,37,36,35,42,42,42,40,38,38,34,35,43,45,49,40,34,34,37,37,44,51,61,62,48,37,40,38,47,52,62,75,71,53,45,42,46,48,53,57,57,50,47,44,45,46,48,48,48,45,44,45,47,47,47,46,43,42,45,47,1
43,41,40,41,41,36,38,41,42,43,45,42,41,42,40,38,44,47,48,38,38,41,37,37,49,55,57,59,44,44,38,34,50,60,87,127,73,52,41,38,51,53,60,69,63,50,51,53,51,52,51,52,53,54,58,49,50,54,54,51,54,55,49,55,1
40,42,44,43,40,37,35,37,42,45,48,50,47,43,38,38,46,51,57,62,60,50,45,39,48,57,67,80,76,57,48,46,47,56,68,67,50,49,47,49,47,53,58,59,56,56,53,51,47,48,53,56,57,54,54,51,44,47,50,54,52,50,50,45,1
44,43,43,45,45,44,41,43,43,46,49,54,56,55,53,45,47,53,60,66,66,63,59,54,48,55,69,82,89,71,57,45,48,56,70,76,75,68,59,52,47,53,61,66,66,61,57,53,44,48,53,56,57,55,52,48,41,44,46,48,48,46,47,45,1
44,45,43,46,45,42,44,43,44,46,49,50,49,45,42,43,46,50,57,58,53,50,43,38,50,56,67,76,75,68,52,42,50,58,71,89,89,71,55,41,52,55,59,70,67,59,53,48,51,53,55,56,57,55,51,48,51,54,54,55,54,51,48,54,0
46,48,48,48,45,43,46,50,46,48,50,50,52,48,41,44,48,52,58,63,62,58,50,40,50,59,66,81,79,73,58,43,49,59,67,77,82,71,58,47,49,53,59,63,65,60,54,47,49,52,53,55,55,52,49,46,48,50,53,54,53,53,50,53,0
48,48,47,47,48,49,48,49,49,49,48,47,47,45,44,46,49,48,46,45,40,44,43,40,50,51,52,43,38,47,50,37,52,57,70,89,98,74,58,41,54,58,69,79,80,63,58,52,52,55,58,65,67,60,54,49,53,52,54,55,54,53,52,54,1
49,51,50,49,50,48,49,49,50,50,52,51,46,45,48,50,50,51,52,48,47,45,43,41,53,55,62,54,46,51,48,38,53,60,75,93,85,67,56,39,56,58,68,77,70,61,56,48,57,55,58,60,60,57,54,50,54,55,54,54,56,51,52,55,1
38,39,40,39,38,35,40,41,41,42,43,44,42,40,36,40,43,49,54,54,44,41,41,35,46,51,55,73,77,49,44,37,45,56,74,91,95,74,53,45,46,53,64,73,73,61,53,47,46,48,55,60,61,55,48,43,46,47,49,51,50,48,46,49,0
38,38,39,38,36,37,39,40,39,40,42,41,41,38,36,39,42,43,42,39,38,40,37,33,41,43,39,45,49,48,44,32,42,54,71,83,81,72,52,38,47,52,65,74,73,63,52,45,45,47,54,60,59,53,47,44,44,44,47,50,51,50,51,53,0
48,49,49,49,50,47,48,47,49,50,52,54,53,53,52,46,51,56,64,71,72,67,59,52,51,60,70,80,96,80,67,55,54,62,67,57,77,76,67,58,56,60,65,70,70,70,65,61,53,55,60,65,67,67,66,60,53,54,58,61,61,62,59,57,1
51,51,53,55,53,52,50,48,53,54,58,60,62,59,50,46,57,62,69,77,76,69,60,47,58,66,80,98,93,77,64,50,58,65,75,58,56,69,63,50,57,63,65,61,61,64,63,55,56,58,60,61,64,63,60,53,57,58,61,61,62,61,55,54,1
43,43,42,41,42,45,45,45,41,42,45,44,45,47,48,44,43,48,52,48,60,59,54,53,43,52,64,80,88,71,59,47,46,55,66,80,80,68,60,58,46,52,57,62,63,61,60,57,47,49,52,54,54,54,52,49,47,48,49,49,51,51,51,47,1
42,42,41,41,40,38,41,40,43,45,47,47,44,42,39,37,45,51,56,57,52,47,44,37,48,60,75,77,55,48,48,42,49,63,79,57,45,45,41,38,48,56,62,61,54,47,45,46,48,47,50,46,45,43,44,44,44,43,44,41,41,42,44,39,1
40,39,40,37,36,37,40,43,43,45,47,47,46,47,43,38,45,49,55,52,58,58,48,33,46,52,56,50,70,75,61,38,49,57,70,85,87,75,62,46,49,56,63,72,74,69,61,54,51,56,60,66,68,64,61,57,53,56,59,60,61,61,59,54,0
34,31,32,30,31,32,32,31,43,43,40,40,35,35,33,30,50,53,58,62,58,49,37,32,51,59,67,69,82,71,52,36,49,59,72,87,84,73,57,42,48,55,66,73,73,67,56,49,48,53,59,65,65,63,57,50,52,53,55,56,56,56,56,57,0
55,54,55,56,58,55,53,51,52,53,56,60,62,61,56,50,51,56,62,68,73,72,64,56,54,60,67,87,93,82,70,55,56,61,70,74,80,77,69,61,52,56,62,66,69,71,68,61,54,55,59,62,64,64,62,57,51,54,55,55,57,58,59,56,0
48,49,53,53,54,50,48,46,50,54,57,61,61,60,54,46,53,58,64,69,71,66,58,49,56,63,71,88,83,72,64,54,56,62,72,81,70,72,65,58,53,59,66,69,69,67,62,58,51,55,60,63,63,62,60,55,50,52,55,55,55,56,57,52,0
48,49,49,50,52,49,46,48,48,52,54,56,57,57,50,43,50,55,62,66,66,64,58,48,54,60,66,76,83,74,62,47,53,61,69,70,65,70,62,55,52,57,63,68,70,68,62,58,50,54,58,63,66,64,62,57,49,53,55,57,59,60,57,52,1
44,47,49,49,49,49,45,46,47,50,53,56,56,54,50,46,49,55,61,65,64,58,53,45,52,59,67,76,73,66,55,45,53,60,67,73,69,67,56,44,53,59,65,68,68,65,57,48,52,55,62,65,64,63,58,54,50,53,54,59,60,57,57,50,1
43,43,45,45,41,38,39,39,44,48,52,51,47,46,40,41,48,55,63,64,52,49,45,41,51,61,75,86,60,44,47,41,52,63,79,99,92,61,51,41,52,59,67,77,75,67,58,51,50,54,60,66,66,59,54,49,49,53,54,57,59,57,52,50,0
44,40,41,39,38,36,37,38,42,42,46,47,45,42,38,35,45,49,56,59,53,50,49,40,51,58,69,82,77,69,57,44,53,63,80,100,104,78,62,50,50,56,66,77,80,71,64,56,44,50,56,63,68,63,59,53,42,45,50,53,56,55,51,45,0
25,23,24,25,22,22,20,21,22,24,26,29,28,26,23,20,23,27,30,41,46,39,31,26,23,25,27,40,54,48,33,26,22,24,26,24,27,30,27,25,23,23,24,25,25,25,23,21,22,23,24,23,21,22,21,20,23,22,22,22,21,21,21,18,1
23,22,23,23,20,20,21,23,21,23,23,24,25,23,22,21,24,23,31,46,38,31,28,23,25,28,39,52,48,36,29,23,28,29,27,29,27,28,28,21,29,30,28,27,27,26,22,20,27,28,28,28,27,23,20,22,27,27,27,28,25,23,22,21,1
22,23,28,25,22,21,20,26,21,24,26,24,25,27,24,24,20,22,25,28,32,32,30,28,21,22,26,25,31,38,36,31,21,23,25,37,58,46,37,28,21,21,25,30,35,31,26,23,21,22,22,24,25,24,23,23,21,21,21,21,23,23,22,21,1
20,22,21,21,21,22,22,21,21,22,23,25,23,23,22,20,22,23,27,27,26,25,24,24,23,22,26,26,23,27,26,25,22,23,26,27,30,27,24,24,22,22,25,25,25,27,22,21,21,21,22,23,24,23,22,22,21,22,20,21,22,21,21,19,1
21,22,23,24,22,21,22,22,22,23,24,27,26,25,22,23,24,25,29,36,40,33,27,23,24,27,29,42,48,35,32,26,24,26,29,27,28,33,26,26,23,25,27,30,29,27,24,23,23,23,23,25,24,22,24,22,21,22,23,23,23,22,22,21,0
22,23,21,23,24,23,22,20,21,22,23,24,24,23,23,20,25,25,29,29,30,29,27,24,26,28,35,32,37,32,29,28,26,26,30,31,29,29,28,24,25,26,26,27,27,26,27,25,24,25,23,24,25,24,23,19,23,22,22,21,22,22,21,20,0
20,21,21,28,20,20,22,22,20,21,22,25,24,21,22,22,21,21,26,31,36,32,25,23,21,25,34,58,61,44,27,24,22,24,28,30,31,31,26,24,21,23,24,25,27,28,23,22,24,22,21,23,24,25,21,21,22,21,21,21,22,22,21,20,1
22,22,21,21,21,23,22,21,21,21,22,22,22,21,23,23,22,22,25,32,33,26,23,24,22,24,30,48,54,38,27,23,23,24,28,30,37,35,26,24,23,24,27,28,30,31,23,21,21,21,23,24,27,22,22,20,20,21,22,23,23,23,20,20,1
21,23,24,26,25,21,22,23,22,25,28,32,33,31,23,22,25,28,35,44,53,49,34,25,27,34,45,43,48,59,41,26,28,30,29,29,30,33,33,24,22,24,27,29,32,30,25,23,22,22,24,25,26,25,23,22,23,21,22,23,24,23,22,23,0
22,22,24,24,24,23,23,22,23,25,27,35,36,31,25,25,26,31,42,52,59,46,33,24,31,43,65,61,49,52,38,26,29,32,36,25,22,30,32,24,25,25,27,28,28,28,26,24,24,24,24,25,26,25,23,22,22,23,22,23,23,22,22,20,0
24,26,25,27,25,25,25,22,23,27,28,31,35,29,24,23,26,29,30,31,35,31,28,25,28,30,34,34,24,31,30,25,27,29,38,58,40,36,27,26,25,26,30,33,35,28,29,26,24,25,27,26,28,26,25,23,23,25,24,24,24,24,24,24,1
21,24,23,24,24,26,23,22,21,26,26,30,30,27,25,23,23,27,29,33,32,32,30,25,23,28,32,24,27,33,32,28,26,29,34,58,60,41,33,30,24,28,32,47,47,35,31,30,24,26,28,31,31,29,28,27,24,23,26,25,24,25,26,26,1
23,23,24,27,26,25,20,22,23,26,29,31,31,29,24,21,25,26,34,46,33,28,26,25,25,26,37,38,30,26,25,27,24,24,28,25,24,28,25,26,23,24,25,26,27,26,22,23,22,24,23,23,23,23,23,23,23,22,21,21,22,22,22,22,1
22,23,21,22,22,21,20,20,21,21,23,23,23,21,20,20,22,24,27,24,25,24,23,19,25,26,24,26,35,32,25,26,24,26,27,53,49,36,31,36,22,26,27,29,31,30,26,24,23,25,31,33,32,30,28,25,23,25,27,28,28,27,26,22,1
22,20,21,22,25,23,21,24,22,23,24,26,26,27,25,22,22,24,27,36,31,27,26,27,22,25,33,53,42,29,25,26,23,26,29,25,24,28,24,22,23,23,25,25,26,24,23,23,23,24,22,23,24,24,24,22,23,23,23,22,24,23,24,24,0
25,24,26,26,27,27,24,25,22,23,23,28,31,30,28,23,22,24,26,30,29,29,30,27,23,27,30,40,32,29,28,29,25,28,27,25,27,27,26,24,23,24,27,27,27,24,24,24,23,23,24,24,22,22,25,25,21,21,21,23,22,23,22,21,0
23,22,21,23,22,20,21,23,21,21,23,25,24,22,21,21,22,21,27,29,27,23,22,23,20,24,26,24,22,30,25,25,22,28,28,37,29,28,24,25,22,22,24,29,29,25,24,24,22,21,23,24,24,23,22,22,23,23,23,22,22,21,24,21,0
30,23,22,21,21,21,19,22,21,21,22,24,22,23,23,21,23,23,26,29,26,25,23,22,24,26,26,22,26,29,25,25,23,26,27,30,40,27,25,22,22,24,26,29,28,26,25,25,22,23,24,23,25,23,23,20,22,21,21,23,24,23,23,23,0
22,22,23,23,22,22,20,22,22,23,23,25,24,24,23,20,23,23,26,28,26,26,25,23,23,25,26,26,21,29,28,25,26,28,29,34,35,29,28,25,25,25,26,28,29,26,26,24,22,23,25,23,23,26,25,23,22,23,24,23,24,24,23,22,1
22,22,22,22,22,23,22,20,21,21,24,26,24,25,25,24,23,24,28,29,28,27,26,24,24,25,28,23,28,31,28,26,24,26,26,24,29,28,27,23,24,25,25,26,25,25,25,22,24,23,26,24,23,25,25,24,22,22,23,22,22,23,24,19,1
19,21,23,22,25,24,21,21,22,22,23,27,30,27,24,22,22,24,26,30,42,37,28,24,23,25,25,35,63,60,37,28,23,25,28,24,30,43,33,25,22,22,24,26,24,25,24,22,22,21,20,23,24,23,25,22,20,20,20,20,22,22,21,21,0
25,27,24,25,24,24,23,24,24,24,25,26,28,26,24,21,23,25,28,33,37,35,27,25,25,29,30,44,54,38,29,25,26,26,26,26,27,32,28,21,24,24,28,26,25,27,23,20,25,25,24,22,23,23,23,23,25,26,25,24,24,23,23,24,0
78,78,78,77,76,76,74,74,78,79,80,80,81,79,93,102,79,80,80,81,80,79,78,78,79,80,79,84,88,82,81,78,80,81,81,84,87,82,80,79,78,80,80,81,82,79,80,79,77,78,79,80,79,80,79,78,77,77,77,78,80,79,78,77,1
79,79,78,78,76,76,78,75,78,80,81,79,78,78,76,77,81,81,82,81,79,79,77,76,81,81,84,90,84,81,79,77,80,82,85,90,86,82,79,81,81,83,84,85,84,82,79,78,78,81,83,83,83,83,80,78,80,79,79,81,82,82,79,79,1
76,77,77,77,76,76,76,76,78,78,78,78,77,76,76,76,77,79,78,79,78,78,76,76,78,77,80,78,79,78,77,79,78,78,79,80,80,79,77,82,78,78,79,79,80,78,76,76,76,77,79,80,79,78,76,76,77,78,77,78,78,76,76,76,1
72,72,73,74,73,72,73,71,75,76,76,76,75,74,74,74,74,75,75,77,76,74,73,75,74,74,75,76,77,75,75,78,74,75,75,78,76,74,72,72,76,75,77,77,76,76,73,73,76,76,78,77,76,76,76,74,76,76,76,77,77,77,77,76,1
76,77,77,77,76,77,76,77,76,76,77,77,78,78,77,77,76,76,78,78,78,78,78,78,76,78,78,82,83,79,78,76,76,77,78,82,82,80,78,79,76,76,77,79,79,79,78,76,76,76,77,78,77,78,77,76,75,75,77,77,78,76,76,78,0
77,76,76,76,76,77,77,76,75,76,76,77,77,79,77,82,75,75,76,77,77,77,77,78,74,75,75,84,85,77,76,73,75,76,78,85,85,76,77,75,76,77,77,78,79,78,77,77,76,76,77,77,78,78,77,76,75,76,76,77,77,76,76,76,0
72,72,73,73,74,76,75,75,72,72,73,73,73,72,74,74,72,73,75,77,77,76,76,74,74,75,78,79,78,77,76,75,73,75,79,84,84,79,76,75,73,74,77,80,81,78,76,77,74,75,77,78,79,78,76,77,76,76,77,77,77,76,76,77,1
72,73,71,72,72,71,73,73,71,72,73,72,72,73,72,75,75,74,76,75,76,75,74,74,74,76,78,77,78,77,76,77,75,77,80,84,84,78,75,74,75,74,77,79,78,75,73,72,75,76,76,76,76,75,75,75,76,77,76,76,78,80,80,80,1
79,78,77,79,79,79,79,77,78,78,79,78,78,80,80,78,78,80,79,80,79,80,81,77,77,79,80,83,85,83,81,78,78,80,83,84,85,83,80,80,78,80,80,81,81,82,80,78,78,79,80,80,82,82,81,79,78,79,78,79,79,79,80,78,0
79,78,78,78,78,78,77,76,79,79,79,79,80,80,79,78,78,79,80,80,81,81,81,78,79,79,79,83,83,81,79,79,79,81,81,85,84,82,80,79,78,79,81,82,85,83,82,81,77,79,80,82,81,81,80,80,79,78,78,79,80,80,79,81,0
76,76,76,77,76,76,76,74,77,77,77,78,78,76,77,76,78,78,79,80,80,80,77,77,79,78,80,84,87,83,79,77,79,79,81,82,84,83,79,76,78,78,79,79,81,79,77,77,78,78,79,78,79,78,77,77,77,78,78,78,78,78,77,76,1
78,78,78,78,77,77,76,76,78,78,79,79,79,78,77,76,79,80,82,82,82,81,78,76,79,82,83,87,86,83,78,76,79,80,81,83,82,81,78,77,78,79,79,79,79,79,78,77,80,79,79,79,79,78,79,77,78,78,78,79,78,78,78,78,1
72,73,73,74,73,73,73,74,75,77,77,78,77,77,76,76,76,78,80,80,79,78,78,78,78,79,81,83,84,80,77,76,78,79,79,82,82,80,78,80,77,78,79,79,80,79,78,77,75,76,77,77,78,78,77,76,76,77,78,77,77,77,77,77,1
72,72,73,73,73,73,72,72,76,75,76,76,76,75,75,76,78,78,78,78,77,76,76,76,78,79,79,81,78,78,76,80,77,77,81,81,77,76,74,77,75,77,78,77,76,75,73,74,77,78,79,79,78,76,76,76,77,78,78,79,77,76,76,74,1
76,77,78,78,78,75,73,73,75,76,77,78,78,76,75,75,75,76,77,78,79,79,77,79,76,76,78,81,84,81,79,79,76,77,78,82,82,81,80,78,76,77,79,80,80,79,79,78,78,77,77,78,79,78,78,77,78,78,78,77,78,79,79,78,0
73,73,73,74,74,73,72,72,75,76,77,79,79,78,76,76,75,76,78,78,78,78,76,73,74,76,77,81,81,79,77,78,77,78,79,84,83,80,79,77,77,77,78,79,80,80,79,79,76,77,79,78,80,79,80,78,77,77,79,77,78,78,78,79,0
76,76,75,76,77,77,78,77,77,77,77,77,78,78,77,76,77,77,78,77,78,78,80,77,77,77,77,81,81,78,79,76,78,77,78,80,80,79,78,77,77,77,77,78,79,80,79,80,78,77,77,78,79,79,79,81,77,77,77,78,78,79,79,78,0
76,76,76,77,77,77,77,77,77,76,76,77,78,79,78,77,77,78,77,78,79,81,79,79,78,77,78,81,81,80,80,77,78,78,78,82,81,80,78,94,78,78,78,79,79,81,79,77,78,79,79,79,80,80,79,78,78,78,79,79,79,79,80,79,0
73,72,73,74,73,72,71,71,73,73,74,75,75,74,73,72,72,73,75,77,76,76,74,74,73,74,75,77,78,77,75,72,72,74,75,77,79,77,76,73,73,74,74,75,76,77,75,73,73,74,73,74,74,75,73,72,73,73,73,73,73,73,73,72,1
74,73,73,74,73,71,71,71,73,73,74,74,75,74,72,71,72,73,74,76,76,74,74,72,72,74,74,78,77,75,76,73,73,73,75,77,78,76,75,74,73,74,74,75,76,76,75,73,75,73,74,76,76,74,73,72,76,77,77,78,78,75,73,73,1
73,72,72,72,72,74,72,72,73,73,73,74,73,74,73,73,74,75,76,75,76,75,75,74,77,78,79,83,82,80,78,77,77,79,80,83,85,80,78,78,77,77,78,79,80,80,78,78,77,77,77,78,79,79,79,77,77,78,77,78,77,78,78,78,0
72,74,75,75,75,75,75,75,76,77,77,78,78,77,77,76,77,78,78,78,79,78,77,76,78,78,79,83,84,80,78,76,77,79,79,85,86,80,78,77,77,78,78,79,80,78,79,77,77,78,77,78,77,77,77,78,77,77,78,77,78,77,78,77,0
12,13,12,11,11,11,9,9,13,13,14,14,15,13,27,39,13,14,14,15,14,13,13,12,12,13,13,14,15,17,15,13,12,13,13,14,15,15,14,14,13,15,14,15,17,13,15,14,11,12,13,14,14,14,13,12,12,12,12,13,14,14,12,11,1
13,14,12,12,11,11,12,10,12,14,15,13,12,12,11,12,13,13,14,14,14,13,12,12,13,13,14,17,15,14,13,12,13,14,14,15,16,16,14,15,12,14,15,15,15,14,13,13,13,13,14,14,13,14,14,14,13,12,12,13,14,14,13,13,1
12,12,12,12,10,10,11,10,12,12,12,12,11,10,11,11,12,13,12,13,13,12,11,11,12,12,15,13,13,12,11,13,12,12,13,14,14,14,11,16,12,12,13,13,14,12,11,10,11,12,13,14,13,12,11,11,11,12,11,12,12,10,10,11,1
10,10,11,12,11,10,12,10,11,12,12,12,11,10,11,11,12,12,13,14,13,11,10,12,12,12,13,12,14,12,10,13,12,13,12,13,12,12,10,10,12,11,13,14,13,13,10,10,11,11,12,12,12,12,11,10,11,11,10,12,12,11,11,11,1
10,11,11,11,10,12,11,12,10,10,12,11,12,12,11,11,10,10,12,12,12,13,12,12,11,12,12,14,16,13,12,11,10,11,12,15,16,14,12,13,10,10,11,13,14,13,12,11,10,10,11,12,11,12,11,11,9,10,11,11,13,10,11,12,0
11,11,11,10,11,11,11,11,9,10,10,11,11,13,11,15,10,10,11,12,12,12,12,13,11,12,12,14,16,13,14,10,11,12,12,14,15,12,12,10,11,11,12,12,13,12,11,11,10,10,12,11,12,12,11,11,9,10,11,11,11,11,10,10,0
10,10,11,11,11,12,11,11,10,10,11,11,11,10,11,11,10,11,11,11,11,11,11,10,11,11,13,13,12,11,10,10,10,12,14,15,14,13,11,10,10,12,13,14,15,12,11,11,10,11,12,13,13,12,10,12,10,11,11,11,11,10,10,12,1
10,12,10,10,10,9,10,10,10,11,11,10,10,10,10,12,12,11,12,11,11,10,10,10,11,12,12,11,12,11,11,12,11,12,13,15,14,12,11,10,12,11,13,14,13,11,11,10,11,11,12,11,11,11,10,11,11,11,11,11,12,14,13,14,1
13,13,12,13,13,13,13,11,12,12,13,13,12,14,14,12,12,14,13,15,14,15,15,11,12,13,14,16,18,17,15,12,12,14,16,16,17,16,14,15,12,15,14,15,15,16,14,12,12,13,14,14,16,16,15,14,13,13,12,13,13,14,14,13,0
14,12,13,13,12,12,12,11,14,14,13,13,15,14,13,13,13,13,14,14,15,15,15,12,13,13,13,15,16,15,13,13,13,14,14,17,17,15,14,13,12,13,14,15,18,16,15,15,11,13,14,17,15,15,14,14,13,12,12,13,15,14,12,14,0
11,11,10,11,10,10,11,11,12,11,12,12,12,11,11,11,12,12,13,14,15,14,11,11,13,12,13,14,16,14,13,11,12,13,13,14,16,15,12,10,12,13,13,13,15,13,12,11,12,13,13,12,13,12,11,12,12,12,12,12,12,12,11,11,1
12,12,13,12,12,11,10,11,12,13,14,14,13,12,11,11,13,13,15,16,15,15,13,10,13,14,14,16,15,15,12,10,13,13,13,15,15,15,12,11,13,13,13,13,13,13,12,11,13,13,13,13,13,12,13,12,12,12,13,13,12,12,13,12,1
10,11,11,12,11,11,11,12,11,12,12,13,12,12,12,11,12,14,14,14,14,13,12,12,12,13,15,15,16,14,12,10,12,14,13,16,16,14,12,14,12,12,14,14,14,13,12,11,11,12,12,12,13,12,11,10,11,12,13,11,12,11,11,11,1
10,11,11,11,11,11,10,10,12,12,13,12,12,12,12,12,13,13,13,13,12,11,11,11,12,14,13,15,13,12,10,14,13,14,16,15,13,12,11,12,13,15,15,14,13,12,10,11,12,13,14,14,13,11,11,11,11,12,12,13,11,11,11,11,1
11,12,12,13,13,12,11,11,11,12,13,14,14,13,12,13,11,12,13,13,14,14,13,14,11,11,13,13,16,15,14,13,11,12,13,14,14,15,14,13,10,11,13,14,14,13,13,13,12,11,12,13,13,13,12,11,12,12,12,12,13,13,13,12,0
11,12,12,12,12,12,10,10,10,11,12,13,14,13,12,12,11,12,13,14,14,14,12,11,11,12,13,17,16,15,13,13,11,12,14,17,17,15,14,12,11,12,12,13,14,14,13,14,10,12,14,12,15,13,14,12,11,12,13,12,12,12,12,14,0
10,10,10,10,11,11,12,12,11,11,12,12,12,12,11,11,11,12,12,12,12,12,14,11,11,11,12,14,14,13,13,10,12,11,12,13,14,13,12,12,12,11,12,12,13,14,13,14,12,12,12,12,13,14,14,15,11,12,11,12,12,13,14,12,0
10,10,10,11,11,11,12,12,11,11,11,12,13,13,12,11,12,12,11,12,13,15,13,13,12,12,12,14,14,14,14,12,13,12,12,14,14,15,12,28,13,12,13,13,14,15,13,12,12,13,14,13,14,14,13,12,12,12,13,13,14,14,14,14,0
11,10,11,13,11,10,9,9,11,11,12,13,13,12,10,10,10,11,13,15,14,13,12,11,11,12,13,14,15,15,13,10,11,12,13,14,16,15,14,11,11,13,12,13,14,14,12,11,11,12,11,12,12,13,11,10,11,11,11,11,11,11,10,10,1
12,11,11,12,11,10,9,9,11,11,12,12,13,12,10,10,11,11,12,14,14,12,12,10,11,12,13,15,14,13,14,11,11,11,13,14,15,14,13,12,11,12,12,13,14,14,12,11,12,10,11,14,13,12,11,10,10,11,12,12,13,10,10,10,1
11,10,10,10,11,12,11,11,11,11,11,12,12,12,11,11,11,12,13,12,12,12,12,12,12,13,14,15,15,15,14,12,12,13,14,16,18,14,12,12,11,12,13,13,14,14,12,12,12,12,12,13,14,13,13,11,11,12,12,13,12,13,12,12,0
10,11,11,11,11,11,12,11,11,11,11,12,12,11,12,11,11,13,12,12,13,12,12,11,12,13,13,16,17,14,12,11,12,13,13,16,18,14,12,12,11,12,12,13,14,12,13,11,11,12,12,12,12,11,12,12,11,11,12,12,12,12,12,12,0
