T,F1,F2,F3,F4,F5,F6,F7,F8,F9,F10,F11,F12,F13,F14,F15,F16,F17,F18,F19,F20,F21,F22,F23,F24,L1,L2,L3,L4,L5,L6,L7,L8,L9,L10,L11,L12,L13,L14,L15,L16,L17,L18,L19
10/10/2020,28,10/10/2020 4:11,10/10/2020 13:22,9.183333,0.2166667,5.108333,2.083333,1.775,8.966667,88,100,67,62,69.73,-0.12,15.75,0.04166667,78,30.23729,71.60254,-0.4256534,-1.028354,-0.299449,-0.3221749,0,0,0,0,0,0,0,0,0,0,0,0,0,0,0,0,0,0,0
10/11/2020,42,10/11/2020 4:33,10/11/2020 11:29,6.933333,0.3166667,3.425,1.091667,2.1,6.616667,76,100,70,61,66.35,-0.23,16,0.05833333,78,30.23729,71.60254,-0.8151755,-0.6104969,1.574376,-0.5597789,0,0,0,0,0,0,0,0,0,0,0,0,0,0,1,0,1,25,25
10/12/2020,24,10/12/2020 4:23,10/12/2020 9:52,5.483333,0.275,3.275,0.4916667,1.441667,5.208333,66,100,67,62,70.66,-0.04,16.25,0.05,70,30.23729,71.60254,-0.1423646,-0.1926394,-0.8348276,-0.3221749,0,0,0,0,0,0,0,0,0,0,0,0,0,0,1,0,1,0,150
10/13/2020,30,10/13/2020 3:52,10/13/2020 11:20,7.466667,0.5416667,3.7,1.016667,2.208333,6.925,78,98,75,62,72.58,0.14,16.625,0.1,79,30.23729,71.60254,0.4950352,0.4341469,-0.03175975,-0.3221749,0,0,0,0,0,0,0,0,0,0,0,0,0,0,1,0,1,75,175
10/14/2020,31,10/14/2020 4:54,10/14/2020 12:42,7.8,0.9666667,3.766667,1.141667,1.925,6.833333,73,90,75,62,68.17,-0.3,14.625,0.1,78,30.23729,71.60254,-1.063053,-2.908713,0.1020849,-0.3221749,0,0,0,0,0,0,0,0,0,0,0,0,0,0,0,0,0,NA,NA
10/15/2020,27,10/15/2020 5:33,10/15/2020 11:26,5.883333,0.275,3.266667,0.9916667,1.35,5.608333,67,100,67,63,67.99,-0.18,15.375,0.04166667,77,30.23729,71.60254,-0.63812,-1.655141,-0.4332937,-0.08457091,0,0,0,0,0,0,0,0,0,0,0,0,0,0,1,0,1,0,0
10/16/2020,28,10/16/2020 4:31,10/16/2020 13:12,8.683333,0.4,4.433333,1.775,2.075,8.283333,85,100,70,62,67.18,-0.15,15.25,0.05833333,85,30.23729,71.60254,-0.5318867,-1.864069,-0.299449,-0.3221749,0,0,0,0,0,0,0,0,0,0,0,0,0,0,0,0,0,NA,NA
10/17/2020,31,10/17/2020 6:04,10/17/2020 12:40,6.6,0.4833333,3.283333,0.8416667,1.991667,6.116667,66,98,67,62,73.89,-0.14,15.875,0.04166667,73,30.23729,71.60254,-0.4964756,-0.8194256,0.1020849,-0.3221749,0,0,0,0,0,0,0,0,0,0,0,0,0,0,0,0,0,0,0
10/18/2020,NA,NA,NA,NA,NA,NA,NA,NA,NA,NA,NA,NA,NA,NA,NA,NA,NA,NA,30.23729,71.60254,NA,NA,NA,NA,0,0,0,0,0,0,0,0,0,0,0,0,0,0,1,0,1,25,50
10/19/2020,37,10/19/2020 3:44,10/19/2020 14:10,10.43333,0.375,6.016667,1.941667,2.1,10.05833,88,100,67,63,72.03,0.16,15.375,0.05,86,30.23729,71.60254,0.5658573,-1.655141,0.9051527,-0.08457091,0,0,0,0,0,0,0,0,0,0,0,0,0,0,0,0,0,25,75
10/20/2020,32,10/20/2020 5:38,10/20/2020 11:18,5.666667,0.1833333,2.9,0.5833333,2,5.483333,67,100,67,64,75.07,0.04,16.125,0.04166667,73,30.23729,71.60254,0.1409242,-0.4015681,0.2359295,0.1530331,0,0,0,0,0,0,0,0,0,0,0,0,0,0,0,0,0,25,75
10/21/2020,24,10/21/2020 4:40,10/21/2020 9:51,5.183333,0.1916667,2.75,0.3833333,1.858333,4.991667,67,100,70,67,77.77,0.16,16.5,0.06666667,69,30.23729,71.60254,0.5658573,0.2252181,-0.8348276,0.865845,0,0,0,0,0,0,0,0,0,0,0,0,0,0,1,0,1,NA,NA
10/22/2020,27,10/22/2020 3:17,10/22/2020 9:58,6.683333,0.3583333,2.825,1.15,2.35,6.325,79,100,70,68,75,0.26,16,0.05833333,76,30.23729,71.60254,0.9199683,-0.6104969,-0.4332937,1.103449,0,0,0,0,0,0,0,0,0,0,0,0,0,0,0,0,0,75,225
10/23/2020,29,10/23/2020 3:37,10/23/2020 9:57,6.333333,0.2916667,2.85,0.9583333,2.233333,6.041667,77,100,67,67,70.64,0.21,15.875,0.05,78,30.23729,71.60254,0.7429128,-0.8194256,-0.1656044,0.865845,0,0,0,0,0,0,0,0,0,0,0,0,0,0,0,0,0,25,125
10/24/2020,21,10/24/2020 5:26,10/24/2020 14:10,8.733333,0.575,4.15,1.933333,2.075,8.158333,82,99,70,68,80.82,0.4,16.5,0.06666667,65,30.23729,71.60254,1.415724,0.2252181,-1.236362,1.103449,0,0,0,0,0,0,0,0,0,0,0,0,0,0,1,0,1,75,100
10/25/2020,41,10/25/2020 5:31,10/25/2020 14:57,9.433333,0.7,4.808333,1.616667,2.308333,8.733333,85,98,97,64,71.51,0.2,17.125,0.2666667,87,30.23729,71.60254,0.7075017,1.269862,1.440531,0.1530331,0,0,0,0,0,0,0,0,0,0,0,0,0,0,0,0,0,0,0
10/26/2020,41,10/26/2020 4:48,10/26/2020 9:16,4.466667,0.3083333,2.025,0.525,1.608333,4.158333,66,98,86,61,65.6,0.09,15.875,0.1666667,78,30.23729,71.60254,0.3179797,-0.8194256,1.440531,-0.5597789,0,0,0,0,0,0,0,0,0,0,0,0,0,0,0,0,0,25,125
10/27/2020,39,10/27/2020 4:33,10/27/2020 11:31,6.966667,0.3166667,2.558333,1.441667,2.65,6.65,78,100,64,59,63.38,0.16,16.375,0.03333333,85,30.23729,71.60254,0.5658573,0.01628936,1.172842,-1.034987,0,0,0,0,0,0,0,0,0,0,0,0,0,0,0,0,0,NA,NA
10/28/2020,21,10/28/2020 5:41,10/28/2020 13:15,7.566667,0.875,3,1.3,2.391667,6.691667,75,93,94,67,74.25,-0.01,16.25,0.2833333,80,30.23729,71.60254,-0.03613132,-0.1926394,-1.236362,0.865845,0,0,0,0,0,0,0,0,0,0,0,0,0,0,0,0,0,NA,NA
10/29/2020,27,10/29/2020 5:51,10/29/2020 11:31,5.666667,0.4666667,2.691667,0.4,2.108333,5.2,61,97,67,64,70.86,0.05,16.5,0.05,73,30.23729,71.60254,0.1763353,0.2252181,-0.4332937,0.1530331,0,0,0,0,0,0,0,0,0,0,0,0,0,0,1,0,1,25,25
10/30/2020,29,10/30/2020 2:56,10/30/2020 12:59,10.05,0.575,5.575,1.775,2.125,9.475,89,100,67,61,71.1,0.13,16.5,0.05,82,30.23729,71.60254,0.4596241,0.2252181,-0.1656044,-0.5597789,0,0,0,0,0,0,0,0,0,0,0,0,0,0,0,0,0,25,75
10/31/2020,33,10/31/2020 5:49,10/31/2020 13:18,7.483333,0.6,4.075,1.433333,1.375,6.883333,72,97,67,63,69.29,-0.33,16.375,0.04166667,81,30.23729,71.60254,-1.169286,0.01628936,0.3697742,-0.08457091,0,0,0,0,0,0,0,0,0,0,0,0,0,0,0,0,0,75,125
11/1/2020,19,11/1/2020 4:12,11/1/2020 12:46,8.566667,0.75,4.783333,1.775,1.258333,7.816667,87,96,89,70,83.19,-0.01,17.25,0.1833333,75,30.23729,71.60254,-0.03613132,1.478791,-1.504051,1.578657,0,0,0,0,0,0,0,1,0,0,0,0,0,0,0,0,1,NA,NA
11/2/2020,28,11/2/2020 5:25,11/2/2020 14:01,8.6,0.4416667,4.341667,1.691667,2.125,8.158333,85,100,67,64,69.27,-0.2,16.375,0.04166667,87,30.23729,71.60254,-0.7089422,0.01628936,-0.299449,0.1530331,0,0,0,0,0,0,0,0,0,0,0,0,0,0,0,0,0,NA,NA
11/3/2020,36,11/3/2020 6:27,11/3/2020 15:06,8.65,0.7416667,3.858333,1.933333,2.116667,7.908333,79,97,67,56,65.56,-0.06,15.75,0.04166667,81,30.23729,71.60254,-0.2131868,-1.028354,0.7713081,-1.747799,0,0,0,0,0,0,0,0,0,0,0,0,0,0,0,0,0,NA,NA
11/4/2020,29,11/4/2020 5:09,11/4/2020 10:52,5.716667,0.4916667,2.858333,0.7416667,1.625,5.225,69,97,67,64,69.91,-0.3,15.875,0.05,75,30.23729,71.60254,-1.063053,-0.8194256,-0.1656044,0.1530331,0,0,0,0,0,0,0,0,0,0,0,0,0,0,0,0,0,25,75
11/5/2020,NA,NA,NA,NA,NA,NA,NA,NA,NA,NA,NA,NA,NA,NA,NA,NA,NA,NA,30.23729,71.60254,NA,NA,NA,NA,0,0,0,0,0,0,0,0,0,0,0,0,0,0,0,0,0,NA,NA
11/6/2020,32,11/6/2020 4:16,11/6/2020 10:45,6.483333,0.75,2.666667,0.7666667,2.3,5.733333,70,90,40,58,66.65,-0.41,15.375,0.6166667,81,30.23729,71.60254,-1.452575,-1.655141,0.2359295,-1.272591,0,0,0,0,0,0,0,1,0,0,0,0,0,0,1,0,2,NA,NA
11/7/2020,36,11/7/2020 5:57,11/7/2020 14:09,8.2,0.4083333,4.6,1.091667,2.1,7.791667,77,100,67,57,65.47,-0.15,15.625,0.04166667,79,30.23729,71.60254,-0.5318867,-1.237283,0.7713081,-1.510195,0,0,0,0,0,0,0,0,0,0,0,0,0,0,0,0,0,0,0
11/8/2020,24,11/8/2020 5:49,11/8/2020 16:14,10.41667,0.9583333,5.808333,2.15,1.5,9.458333,85,96,78,65,78.21,0.16,16.625,0.1083333,82,30.23729,71.60254,0.5658573,0.4341469,-0.8348276,0.3906371,0,0,0,0,0,0,0,1,0,0,0,0,0,0,0,0,1,NA,NA
11/9/2020,23,11/9/2020 4:49,11/9/2020 10:50,6.016667,0.1916667,3.116667,1.258333,1.45,5.825,78,100,67,63,70.14,-0.21,15.875,0.04166667,79,30.23729,71.60254,-0.7443533,-0.8194256,-0.9686722,-0.08457091,0,0,0,0,0,0,0,0,0,0,0,0,0,0,0,0,0,NA,NA
11/10/2020,39,11/10/2020 6:04,11/10/2020 12:36,6.533333,0.4166667,3.45,0.4083333,2.258333,6.116667,69,99,67,58,62.41,-0.33,15.625,0.04166667,83,30.23729,71.60254,-1.169286,-1.237283,1.172842,-1.272591,0,0,0,0,0,0,0,0,0,0,0,0,0,0,0,0,0,NA,NA
11/11/2020,30,11/11/2020 5:55,11/11/2020 15:14,9.316667,0.6666667,4.9,1.883333,1.866667,8.65,86,98,91,59,68.25,-0.08,15.25,0.2916667,89,30.23729,71.60254,-0.284009,-1.864069,-0.03175975,-1.034987,0,0,0,0,0,0,0,1,0,0,0,0,0,0,0,0,1,0,50
11/12/2020,20,11/12/2020 6:31,11/12/2020 12:29,5.966667,0.425,2.308333,0.9916667,2.241667,5.541667,69,98,67,65,70.64,-0.42,15.875,0.05,80,30.23729,71.60254,-1.487986,-0.8194256,-1.370206,0.3906371,0,0,0,0,0,0,0,1,0,0,0,0,0,0,0,0,1,0,0
11/13/2020,29,11/13/2020 6:05,11/13/2020 14:14,8.15,0.5,4.225,1.541667,1.883333,7.65,82,99,67,62,68.19,-0.2,15.625,0.05,83,30.23729,71.60254,-0.7089422,-1.237283,-0.1656044,-0.3221749,0,0,0,0,0,0,0,0,0,0,0,0,0,0,0,0,0,25,75
11/14/2020,26,11/14/2020 7:31,11/14/2020 14:22,6.85,0.25,3.641667,1.325,1.633333,6.6,73,100,67,63,69.27,-0.34,15.875,0.04166667,82,30.23729,71.60254,-1.204698,-0.8194256,-0.5671383,-0.08457091,0,0,0,0,0,0,0,0,0,0,0,0,0,0,0,0,0,0,0
11/15/2020,21,11/15/2020 8:23,11/15/2020 12:48,4.416667,0.575,3.116667,0.2416667,0.4833333,3.841667,46,90,81,68,83.37,0.57,16.125,0.125,40,30.23729,71.60254,2.017712,-0.4015681,-1.236362,1.103449,0,0,0,0,0,0,0,0,0,0,0,0,0,0,0,0,0,0,50
11/16/2020,37,11/16/2020 5:47,11/16/2020 13:42,7.916667,0.6833333,4.066667,1.225,1.941667,7.233333,78,96,64,55,64.51,-0.3,15.625,0.03333333,84,30.23729,71.60254,-1.063053,-1.237283,0.9051527,-1.985403,0,0,0,0,0,0,0,0,0,0,0,0,0,0,0,0,0,NA,NA
11/17/2020,31,11/17/2020 6:22,11/17/2020 12:30,6.133333,0.5,2.058333,1.116667,2.458333,5.633333,69,97,67,63,72.77,-0.06,16.5,0.05,74,30.23729,71.60254,-0.2131868,0.2252181,0.1020849,-0.08457091,0,0,0,0,0,0,0,0,0,0,0,0,0,0,0,0,0,0,0
11/18/2020,31,11/18/2020 5:06,11/18/2020 10:58,5.866667,0.2666667,2.55,0.35,2.7,5.6,73,100,70,61,67.12,-0.19,15.75,0.06666667,75,30.23729,71.60254,-0.6735311,-1.028354,0.1020849,-0.5597789,0,0,0,0,0,0,0,0,0,0,0,0,0,0,0,0,0,0,25
11/19/2020,34,11/19/2020 4:28,11/19/2020 11:22,6.9,0.55,3.083333,0.675,2.591667,6.35,77,97,67,61,68.04,0.13,15.75,0.05,77,30.23729,71.60254,0.4596241,-1.028354,0.5036188,-0.5597789,0,0,0,0,0,0,0,0,0,0,0,0,0,0,0,0,0,0,50
11/20/2020,32,11/20/2020 5:12,11/20/2020 10:56,5.733333,0.2083333,2.708333,0.9833333,1.833333,5.525,74,100,67,63,72.12,0.09,16.25,0.04166667,77,30.23729,71.60254,0.3179797,-0.1926394,0.2359295,-0.08457091,0,0,0,0,0,0,0,0,0,0,0,0,0,0,0,0,0,0,50
11/21/2020,36,11/21/2020 5:19,11/21/2020 13:46,8.45,0.8916667,4.183333,1.4,1.975,7.558333,83,95,99,62,68.91,0.26,16.375,0.2416667,84,30.23729,71.60254,0.9199683,0.01628936,0.7713081,-0.3221749,0,0,0,0,0,0,0,0,0,0,0,0,0,0,0,0,0,0,0
11/22/2020,20,11/22/2020 6:34,11/22/2020 15:03,8.483333,0.5083333,5.1,1.566667,1.308333,7.975,78,99,64,70,78.84,0.65,15.5,0.03333333,58,30.23729,71.60254,2.301001,-1.446212,-1.370206,1.578657,0,0,0,0,0,0,0,0,0,0,0,0,0,0,0,0,0,0,0
11/23/2020,33,11/23/2020 4:58,11/23/2020 12:16,7.3,0.5666667,3.366667,1.258333,2.108333,6.733333,81,97,94,60,66.05,0.13,16.25,0.2833333,80,30.23729,71.60254,0.4596241,-0.1926394,0.3697742,-0.7973829,0,0,0,0,0,0,0,0,0,0,0,0,0,0,0,0,0,NA,NA
11/24/2020,35,11/24/2020 6:19,11/24/2020 11:10,4.85,0.25,1.966667,0.5333333,2.1,4.6,65,100,67,63,67.32,-0.04,15.5,0.04166667,78,30.23729,71.60254,-0.1423646,-1.446212,0.6374635,-0.08457091,0,0,0,0,0,0,0,0,0,0,0,0,0,0,0,0,0,25,150
11/25/2020,37,11/25/2020 5:38,11/25/2020 14:33,8.916667,0.4666667,4.841667,1.425,2.183333,8.45,82,100,64,59,66.11,0.28,16.125,0.03333333,85,30.23729,71.60254,0.9907905,-0.4015681,0.9051527,-1.034987,0,0,0,0,0,0,0,0,0,0,0,0,0,0,0,0,0,50,175
11/26/2020,42,11/26/2020 6:58,11/26/2020 14:19,7.35,0.8916667,4.041667,0.7,1.716667,6.458333,67,90,67,60,67.38,0.29,16.5,0.05,82,30.23729,71.60254,1.026202,0.2252181,1.574376,-0.7973829,0,0,0,0,0,0,0,0,0,0,0,0,0,0,0,0,0,0,25
11/27/2020,35,11/27/2020 7:17,11/27/2020 16:23,9.1,1.208333,4.316667,1.858333,1.716667,7.891667,78,88,67,65,71.32,0.24,16.75,0.04166667,81,30.23729,71.60254,0.8491461,0.6430756,0.6374635,0.3906371,0,0,0,0,0,0,0,0,0,0,0,0,0,0,0,0,0,0,50
11/28/2020,32,11/28/2020 6:21,11/28/2020 15:30,9.15,0.5416667,4.766667,1.925,1.916667,8.608333,83,99,67,62,69.04,0.09,16.375,0.05,88,30.23729,71.60254,0.3179797,0.01628936,0.2359295,-0.3221749,0,0,0,0,0,0,0,1,0,0,0,0,0,0,1,0,2,NA,NA
11/29/2020,35,11/29/2020 5:14,11/29/2020 12:26,7.2,0.55,3.608333,1.116667,1.925,6.65,76,97,67,58,65,0.06,16.625,0.04166667,81,30.23729,71.60254,0.2117464,0.4341469,0.6374635,-1.272591,0,0,0,0,0,0,0,0,0,0,0,0,0,0,0,0,0,0,75
11/30/2020,40,11/30/2020 5:21,11/30/2020 12:58,7.616667,0.875,4.191667,0.8083333,1.741667,6.741667,74,93,86,57,63.96,-0.05,16.375,0.325,86,30.23729,71.60254,-0.1777757,0.01628936,1.306687,-1.510195,0,0,0,0,0,0,0,0,0,0,0,0,0,0,0,0,0,NA,NA
12/1/2020,30,12/1/2020 6:07,12/1/2020 13:11,7.066667,0.6833333,3.758333,0.8166667,1.808333,6.383333,70,95,72,57,65.97,-0.33,15.75,0.08333333,81,30.23729,71.60254,-1.169286,-1.028354,-0.03175975,-1.510195,0,0,0,0,0,0,0,0,0,0,0,0,0,0,0,0,0,25,25
12/2/2020,30,12/2/2020 4:42,12/2/2020 11:07,6.416667,0.6333333,3.366667,0.8083333,1.608333,5.783333,74,95,86,61,67.16,-0.09,15.75,0.1583333,80,30.23729,71.60254,-0.3194201,-1.028354,-0.03175975,-0.5597789,0,0,0,0,0,0,0,0,0,0,0,0,0,0,0,0,0,0,50
12/3/2020,46,12/3/2020 5:25,12/3/2020 10:53,5.466667,0.5083333,2.15,0.4583333,2.35,4.958333,65,96,72,56,64.87,-0.42,16.125,0.075,78,30.23729,71.60254,-1.487986,-0.4015681,2.109754,-1.747799,0,0,0,0,0,0,0,0,0,0,0,0,0,0,1,0,1,0,50
12/4/2020,40,12/4/2020 5:29,12/4/2020 10:42,5.216667,0.2416667,1.733333,0.7166667,2.525,4.975,69,100,67,55,63,-0.15,15.875,0.05,80,30.23729,71.60254,-0.5318867,-0.8194256,1.306687,-1.985403,0,0,0,0,0,0,0,1,0,0,0,0,0,0,0,0,1,75,125
12/5/2020,34,12/5/2020 5:58,12/5/2020 15:53,9.916667,0.475,5.683333,1.058333,2.7,9.441667,80,100,67,65,70.61,0.63,17.625,0.05,74,30.23729,71.60254,2.230179,2.105577,0.5036188,0.3906371,0,0,0,0,0,0,0,1,0,0,0,0,0,0,1,0,2,NA,NA
12/6/2020,30,12/6/2020 5:48,12/6/2020 12:13,6.416667,0.65,2.883333,0.975,1.908333,5.766667,72,95,75,58,66.67,-0.04,15.375,0.1,84,30.23729,71.60254,-0.1423646,-1.655141,-0.03175975,-1.272591,1,1,0,1,0,0,1,1,0,0,1,0,0,0,1,0,6,25,125
12/7/2020,26,12/7/2020 6:41,12/7/2020 14:05,7.4,0.7416667,4.2,1.408333,1.05,6.658333,73,95,89,66,73.33,0.55,17.125,0.3166667,70,30.23729,71.60254,1.94689,1.269862,-0.5671383,0.6282411,1,0,0,1,0,0,1,1,0,0,1,0,0,0,1,0,5,25,50
12/8/2020,35,12/8/2020 6:57,12/8/2020 13:58,7.016667,0.2333333,4.016667,1.2,1.566667,6.783333,74,100,72,59,62.49,-0.16,16.25,0.08333333,85,30.23729,71.60254,-0.5672978,-0.1926394,0.6374635,-1.034987,1,0,0,1,0,1,1,1,0,0,1,0,0,0,1,0,6,25,25
12/9/2020,35,12/9/2020 6:41,12/9/2020 14:21,7.666667,0.8916667,3.775,1.508333,1.491667,6.775,77,90,89,60,65.09,-0.24,16,0.3166667,86,30.23729,71.60254,-0.8505866,-0.6104969,0.6374635,-0.7973829,1,0,0,1,0,1,1,1,0,0,1,0,0,0,1,1,7,0,0
12/10/2020,38,12/10/2020 6:52,12/10/2020 14:24,7.533333,0.4333333,4.125,1.383333,1.591667,7.1,76,99,67,57,61.73,-0.14,16.25,0.05,87,30.23729,71.60254,-0.4964756,-0.1926394,1.038997,-1.510195,1,0,0,1,0,0,0,1,0,0,0,0,0,0,1,1,4,25,25
12/11/2020,30,12/11/2020 7:16,12/11/2020 16:42,9.433333,0.4583333,5.608333,1.85,1.516667,8.975,84,100,75,59,65.71,0.06,16,0.09166667,90,30.23729,71.60254,0.2117464,-0.6104969,-0.03175975,-1.034987,1,0,0,1,0,0,0,1,0,0,0,0,0,0,1,1,4,0,0
12/12/2020,36,12/12/2020 6:30,12/12/2020 19:46,13.26667,0.75,7.5,3.466667,1.55,12.51667,83,99,62,59,65.45,0.37,16.125,0.008333333,82,30.23729,71.60254,1.30949,-0.4015681,0.7713081,-1.034987,1,0,0,1,0,0,0,1,0,0,1,0,0,0,0,1,4,0,0
12/13/2020,38,12/13/2020 7:08,12/13/2020 14:20,7.2,0.4,3.625,1.183333,1.991667,6.8,71,99,67,59,63.98,-0.24,16.375,0.05,91,30.23729,71.60254,-0.8505866,0.01628936,1.038997,-1.034987,1,0,0,1,0,0,0,1,0,0,0,0,0,0,1,1,4,NA,NA
12/14/2020,42,12/14/2020 5:41,12/14/2020 15:23,9.7,0.85,4.633333,1.908333,2.308333,8.85,86,96,70,56,66.84,0,16.125,0.05833333,90,30.23729,71.60254,-0.0007202257,-0.4015681,1.574376,-1.747799,1,0,0,1,0,0,0,1,0,0,0,0,0,0,1,1,4,25,25
12/15/2020,23,12/15/2020 5:58,12/15/2020 13:14,7.266667,0.4666667,4.091667,1.208333,1.5,6.8,76,99,70,65,76.92,0.09,16.75,0.05833333,85,30.23729,71.60254,0.3179797,0.6430756,-0.9686722,0.3906371,NA,NA,NA,NA,NA,NA,NA,NA,NA,NA,NA,NA,NA,NA,NA,NA,0,NA,NA
12/16/2020,31,12/16/2020 5:45,12/16/2020 10:54,5.15,0.35,2.616667,0.3833333,1.8,4.8,70,99,97,62,66.9,0.06,16.25,0.2333333,81,30.23729,71.60254,0.2117464,-0.1926394,0.1020849,-0.3221749,0,0,0,0,0,0,0,0,0,0,0,0,0,0,1,1,2,75,275
12/17/2020,34,12/17/2020 5:03,12/17/2020 10:46,5.716667,0.3333333,2.741667,0.65,1.991667,5.383333,73,99,86,64,68.58,0.23,16.125,0.1666667,82,30.23729,71.60254,0.813735,-0.4015681,0.5036188,0.1530331,0,0,0,1,0,0,0,0,0,0,0,0,0,0,1,1,3,25,125
12/18/2020,30,12/18/2020 4:30,12/18/2020 10:53,6.383333,0.3916667,3.533333,0.5583333,1.9,5.991667,73,99,70,61,70.53,0.22,16.375,0.05833333,80,30.23729,71.60254,0.7783239,0.01628936,-0.03175975,-0.5597789,0,0,0,0,0,0,0,1,0,0,0,0,0,0,1,0,2,25,125
12/19/2020,41,12/19/2020 4:24,12/19/2020 13:15,8.85,1.075,4.908333,0.8166667,2.05,7.775,78,90,59,61,70.29,0.29,17.125,0.5,84,30.23729,71.60254,1.026202,1.269862,1.440531,-0.5597789,0,0,0,1,0,0,0,0,0,0,0,0,0,0,1,1,3,NA,NA
12/20/2020,24,12/20/2020 7:03,12/20/2020 17:27,10.4,0.7083333,6.45,1.925,1.316667,9.691667,82,98,67,70,83.89,0.5,17.375,0.04166667,62,30.23729,71.60254,1.769835,1.687719,-0.8348276,1.578657,0,0,0,1,0,0,0,0,0,0,0,0,0,0,1,1,3,NA,NA
12/21/2020,31,12/21/2020 5:04,12/21/2020 10:39,5.583333,0.25,2.7,0.4916667,2.141667,5.333333,70,100,70,61,67.71,0.24,16.875,0.05833333,79,30.23729,71.60254,0.8491461,0.8520043,0.1020849,-0.5597789,0,0,0,1,0,0,0,0,0,0,0,0,0,0,0,1,2,75,225
12/22/2020,36,12/22/2020 4:55,12/22/2020 13:41,8.766667,0.55,4.75,1.533333,1.933333,8.216667,86,99,75,61,69.55,0.05,17,0.1,86,30.23729,71.60254,0.1763353,1.060933,0.7713081,-0.5597789,0,0,0,0,0,0,0,0,0,0,0,0,0,0,0,1,1,NA,NA
12/23/2020,24,12/23/2020 6:48,12/23/2020 12:57,6.15,0.375,3.325,0.775,1.675,5.775,66,99,75,65,72.66,-0.02,16.25,0.1,69,30.23729,71.60254,-0.07154242,-0.1926394,-0.8348276,0.3906371,0,0,0,0,0,0,0,1,0,0,0,0,0,0,0,1,2,75,250
12/24/2020,23,12/24/2020 5:47,12/24/2020 12:30,6.716667,0.3666667,2.775,1.358333,2.216667,6.35,77,100,86,67,73.99,-0.05,16.625,0.1583333,77,30.23729,71.60254,-0.1777757,0.4341469,-0.9686722,0.865845,0,0,0,0,0,0,1,1,0,0,0,0,0,0,0,1,3,25,75
12/25/2020,22,12/25/2020 7:24,12/25/2020 13:06,5.7,0.225,3.133333,0.95,1.391667,5.475,65,100,67,67,77.43,-0.03,16.875,0.05,65,30.23729,71.60254,-0.1069535,0.8520043,-1.102517,0.865845,0,0,0,0,0,0,0,0,0,0,0,0,0,0,1,1,2,0,0
12/26/2020,31,12/26/2020 5:57,12/26/2020 12:08,6.183333,0.275,2.558333,1.066667,2.283333,5.908333,71,100,67,62,67.19,-0.25,16.75,0.04166667,71,30.23729,71.60254,-0.8859977,0.6430756,0.1020849,-0.3221749,0,0,0,0,0,0,0,0,0,0,0,0,0,0,0,1,1,25,75
12/27/2020,35,12/27/2020 5:25,12/27/2020 12:41,7.266667,0.3333333,3.35,1.225,2.358333,6.933333,77,100,67,62,69.44,-0.36,16.625,0.05,76,30.23729,71.60254,-1.27552,0.4341469,0.6374635,-0.3221749,0,0,0,0,0,0,0,0,0,0,0,0,0,0,0,1,1,25,75
12/28/2020,28,12/28/2020 5:46,12/28/2020 14:56,9.166667,0.3333333,4.75,1.866667,2.216667,8.833333,85,100,67,65,72.96,-0.01,16.875,0.05,75,30.23729,71.60254,-0.03613132,0.8520043,-0.299449,0.3906371,0,0,0,0,0,0,0,1,0,0,0,0,0,0,0,1,2,NA,NA
12/29/2020,NA,NA,NA,NA,NA,NA,NA,NA,NA,NA,NA,NA,NA,NA,NA,NA,NA,NA,30.23729,71.60254,NA,NA,NA,NA,0,NA,NA,NA,NA,NA,NA,NA,NA,NA,NA,NA,NA,NA,NA,NA,0,25,125
12/30/2020,26,12/30/2020 5:28,12/30/2020 10:48,5.333333,0.4583333,2.466667,0.575,1.833333,4.875,70,97,99,62,69,-0.26,16.5,0.2416667,78,30.23729,71.60254,-0.9214088,0.2252181,-0.5671383,-0.3221749,0,0,0,0,0,0,0,0,0,0,0,0,0,0,0,1,1,75,175
12/31/2020,31,12/31/2020 4:57,12/31/2020 10:58,6.016667,0.675,2.825,0.5833333,1.933333,5.341667,70,93,97,62,69.17,-0.16,16.75,0.2583333,74,30.23729,71.60254,-0.5672978,0.6430756,0.1020849,-0.3221749,0,0,0,0,0,0,0,0,0,0,0,0,0,0,0,1,1,25,125
1/1/2021,37,1/1/2021 6:49,1/1/2021 17:06,10.28333,1.266667,5.383333,1.9,1.733333,9.016667,83,90,75,60,68.95,0.01,16,0.1,85,30.23729,71.60254,0.03469087,-0.6104969,0.9051527,-0.7973829,0,0,0,0,0,0,0,0,0,0,0,0,0,0,0,1,1,0,0
1/2/2021,30,1/2/2021 6:40,1/2/2021 15:21,8.683333,0.35,3.85,1.683333,2.8,8.333333,84,100,75,61,68.16,-0.15,16.125,0.09166667,83,30.23729,71.60254,-0.5318867,-0.4015681,-0.03175975,-0.5597789,NA,NA,NA,NA,NA,NA,NA,NA,NA,NA,NA,NA,NA,NA,NA,NA,0,NA,NA
1/3/2021,NA,NA,NA,NA,NA,NA,NA,NA,NA,NA,NA,NA,NA,NA,NA,NA,NA,NA,30.23729,71.60254,NA,NA,NA,NA,NA,NA,NA,NA,NA,NA,NA,NA,NA,NA,NA,NA,NA,NA,NA,NA,0,NA,NA
1/4/2021,36,1/4/2021 6:11,1/4/2021 11:14,5.05,0.4916667,2.491667,0.2916667,1.775,4.558333,65,96,94,60,64.25,-0.31,16.125,0.2166667,79,30.23729,71.60254,-1.098464,-0.4015681,0.7713081,-0.7973829,0,0,0,0,0,0,0,0,0,0,0,0,0,0,0,1,1,0,0
1/5/2021,20,1/5/2021 5:53,1/5/2021 13:30,7.616667,0.5833333,4.375,1.308333,1.35,7.033333,79,98,94,67,77.75,-0.1,16.75,0.2166667,69,30.23729,71.60254,-0.3548312,0.6430756,-1.370206,0.865845,0,0,0,0,0,0,0,0,0,0,0,0,0,0,0,1,1,25,125
1/6/2021,23,1/6/2021 6:58,1/6/2021 12:56,5.966667,0.2083333,2.925,1.133333,1.7,5.758333,70,100,67,65,74.83,-0.34,16.75,0.05,68,30.23729,71.60254,-1.204698,0.6430756,-0.9686722,0.3906371,NA,NA,NA,NA,NA,NA,NA,NA,NA,NA,NA,NA,NA,NA,NA,NA,0,NA,NA
1/7/2021,26,1/7/2021 7:02,1/7/2021 13:26,6.4,0.4166667,2.883333,0.9916667,2.108333,5.983333,70,99,67,64,68.97,-0.35,16.125,0.05,76,30.23729,71.60254,-1.240109,-0.4015681,-0.5671383,0.1530331,0,0,0,0,NA,0,0,0,0,0,0,0,NA,NA,0,1,1,25,50
1/8/2021,22,1/8/2021 6:03,1/8/2021 14:58,8.916667,0.55,4.916667,1.841667,1.608333,8.366667,84,99,67,67,72.95,0.02,16,0.04166667,72,30.23729,71.60254,0.07010197,-0.6104969,-1.102517,0.865845,NA,NA,NA,NA,NA,NA,NA,NA,NA,NA,NA,NA,NA,NA,NA,NA,0,NA,NA
1/9/2021,29,1/9/2021 7:00,1/9/2021 16:59,9.983333,0.5333333,5.316667,2.325,1.808333,9.45,85,100,67,60,70.56,-0.12,16.125,0.05,85,30.23729,71.60254,-0.4256534,-0.4015681,-0.1656044,-0.7973829,0,0,0,0,NA,0,0,0,0,0,0,0,NA,NA,0,0,0,0,0
1/10/2021,24,1/10/2021 5:40,1/10/2021 13:04,7.4,1.191667,3.883333,1,1.325,6.208333,74,81,94,62,75.43,0.39,17,0.2083333,67,30.23729,71.60254,1.380313,1.060933,-0.8348276,-0.3221749,0,0,0,0,NA,0,0,0,0,0,0,0,NA,NA,0,0,0,0,50
1/11/2021,27,1/11/2021 6:18,1/11/2021 13:41,7.383333,0.2583333,4.275,0.7916667,2.058333,7.125,75,100,64,62,72.19,0.24,16.25,0.03333333,74,30.23729,71.60254,0.8491461,-0.1926394,-0.4332937,-0.3221749,NA,NA,NA,NA,NA,NA,NA,NA,NA,NA,NA,NA,NA,NA,NA,NA,0,NA,NA
1/12/2021,24,1/12/2021 6:27,1/12/2021 11:02,4.583333,0.1916667,2.208333,0.275,1.908333,4.391667,61,100,67,69,76.75,0.18,17.125,0.04166667,59,30.23729,71.60254,0.6366795,1.269862,-0.8348276,1.341053,NA,NA,NA,NA,NA,NA,NA,NA,NA,NA,NA,NA,NA,NA,NA,NA,0,NA,NA
1/13/2021,23,1/13/2021 5:55,1/13/2021 10:41,4.766667,0.2833333,2.116667,0.4916667,1.875,4.483333,65,99,70,66,71.74,0.15,16.5,0.05833333,62,30.23729,71.60254,0.5304462,0.2252181,-0.9686722,0.6282411,0,0,0,0,NA,0,0,0,0,0,0,0,NA,NA,0,0,0,25,50
1/14/2021,23,1/14/2021 2:05,1/14/2021 10:46,8.683333,1.058333,4.791667,1.341667,1.491667,7.625,79,90,23,67,73.4,0.4,16.625,0.7333333,67,30.23729,71.60254,1.415724,0.4341469,-0.9686722,0.865845,0,0,0,0,NA,0,0,0,0,0,0,0,NA,NA,0,0,0,25,125
1/15/2021,22,1/15/2021 5:18,1/15/2021 10:31,5.216667,0.4916667,2.966667,0.3583333,1.4,4.725,63,96,67,67,73.18,0.31,16.375,0.04166667,61,30.23729,71.60254,1.097024,0.01628936,-1.102517,0.865845,NA,NA,NA,NA,NA,NA,NA,NA,NA,NA,NA,NA,NA,NA,NA,NA,0,NA,NA
1/16/2021,27,1/16/2021 6:30,1/16/2021 16:42,10.2,0.6583333,5.858333,2.225,1.458333,9.541667,84,99,67,60,73.32,0.37,15.75,0.05,73,30.23729,71.60254,1.30949,-1.028354,-0.4332937,-0.7973829,0,0,0,0,NA,0,0,0,0,0,0,0,NA,NA,0,0,0,0,0
1/17/2021,26,1/17/2021 6:53,1/17/2021 16:30,9.616667,0.6416667,5.091667,2.3,1.583333,8.975,83,99,64,70,83.29,0.53,17,0.03333333,61,30.23729,71.60254,1.876068,1.060933,-0.5671383,1.578657,0,0,0,0,NA,0,0,0,0,0,0,0,NA,NA,0,0,0,0,0
1/18/2021,21,1/18/2021 5:48,1/18/2021 11:22,5.566667,0.7083333,2.533333,0.5,1.825,4.858333,66,90,70,66,73.79,0.19,16.625,0.06666667,63,30.23729,71.60254,0.6720906,0.4341469,-1.236362,0.6282411,0,0,0,0,NA,0,0,0,0,0,0,0,NA,NA,0,0,0,25,75
1/19/2021,32,1/19/2021 6:14,1/19/2021 14:44,8.5,1.575,3.766667,2.05,1.108333,6.925,75,76,91,63,67.31,0.05,16.375,0.2916667,80,30.23729,71.60254,0.1763353,0.01628936,0.2359295,-0.08457091,0,0,0,0,NA,0,0,0,0,0,0,0,NA,NA,0,0,0,25,75
1/20/2021,31,1/20/2021 6:16,1/20/2021 12:56,6.666667,1.158333,3.608333,0.3916667,1.508333,5.508333,61,79,67,64,72.69,-0.1,16.75,0.04166667,70,30.23729,71.60254,-0.3548312,0.6430756,0.1020849,0.1530331,NA,NA,NA,NA,NA,NA,NA,NA,NA,NA,NA,NA,NA,NA,NA,NA,0,NA,NA
1/21/2021,34,1/21/2021 7:22,1/21/2021 15:04,7.7,0.875,4.233333,1.475,1.116667,6.825,66,93,43,64,68.28,-0.2,16.5,0.5916667,78,30.23729,71.60254,-0.7089422,0.2252181,0.5036188,0.1530331,0,0,0,0,NA,0,0,0,0,0,0,0,NA,NA,0,0,0,25,50
1/22/2021,23,1/22/2021 4:58,1/22/2021 12:37,7.65,0.675,3.891667,1,2.083333,6.975,79,97,86,65,76.7,0.25,17.25,0.1583333,73,30.23729,71.60254,0.8845572,1.478791,-0.9686722,0.3906371,NA,NA,NA,NA,NA,NA,NA,NA,NA,NA,NA,NA,NA,NA,NA,NA,0,NA,NA
1/23/2021,34,1/23/2021 7:17,1/23/2021 15:58,8.683333,0.8,4.775,1.408333,1.7,7.883333,77,96,67,63,70.7,-0.31,16.625,0.05,81,30.23729,71.60254,-1.098464,0.4341469,0.5036188,-0.08457091,0,0,0,0,NA,0,0,0,0,0,0,0,NA,NA,0,0,0,0,0
1/24/2021,26,1/24/2021 5:46,1/24/2021 12:53,7.116667,0.6583333,3.641667,1.133333,1.683333,6.458333,76,96,70,63,70.46,-0.19,16,0.05833333,72,30.23729,71.60254,-0.6735311,-0.6104969,-0.5671383,-0.08457091,0,0,0,0,NA,0,0,0,0,0,0,0,NA,NA,0,0,0,0,50
1/25/2021,35,1/25/2021 5:11,1/25/2021 13:51,8.666667,0.9833333,3.975,1.341667,2.366667,7.683333,79,93,67,64,71.61,-0.15,15.75,0.05,85,30.23729,71.60254,-0.5318867,-1.028354,0.6374635,0.1530331,NA,NA,NA,NA,NA,NA,NA,NA,NA,NA,NA,NA,NA,NA,NA,NA,0,NA,NA
1/26/2021,21,1/26/2021 6:04,1/26/2021 10:01,3.95,0.4916667,1.566667,0.4416667,1.45,3.458333,60,90,81,71,81.07,-0.27,17.125,0.125,57,30.23729,71.60254,-0.9568199,1.269862,-1.236362,1.816261,0,0,0,0,NA,0,0,0,0,0,0,0,NA,NA,0,0,0,25,25
1/27/2021,33,1/27/2021 5:07,1/27/2021 10:30,5.383333,0.25,2.658333,0.325,2.15,5.133333,66,100,64,65,71.55,-0.15,16.75,0.03333333,70,30.23729,71.60254,-0.5318867,0.6430756,0.3697742,0.3906371,0,0,0,0,NA,0,0,0,0,0,0,0,NA,NA,0,0,0,25,125
1/28/2021,NA,NA,NA,NA,NA,NA,NA,NA,NA,NA,NA,NA,NA,NA,NA,NA,NA,NA,30.23729,71.60254,NA,NA,NA,NA,0,0,0,0,NA,0,0,0,0,0,0,0,NA,NA,0,0,0,0,50
1/29/2021,31,1/29/2021 5:03,1/29/2021 11:20,6.283333,0.825,2.75,0.9916667,1.716667,5.458333,70,88,67,63,70.05,-0.31,15.375,0.05,70,30.23729,71.60254,-1.098464,-1.655141,0.1020849,-0.08457091,0,0,0,0,NA,0,0,0,0,0,0,0,NA,NA,0,0,0,25,75
1/30/2021,31,1/30/2021 7:08,1/30/2021 16:43,9.583333,0.35,5.483333,1.933333,1.816667,9.233333,85,100,75,66,75.46,0.04,15.875,0.09166667,75,30.23729,71.60254,0.1409242,-0.8194256,0.1020849,0.6282411,0,0,0,0,NA,0,0,0,0,0,0,0,NA,NA,0,0,0,0,0
1/31/2021,18,1/31/2021 8:12,1/31/2021 16:34,8.366667,0.7166667,4.108333,1.775,1.766667,7.65,79,97,81,71,80.76,0.12,15.875,0.125,63,30.23729,71.60254,0.424213,-0.8194256,-1.637895,1.816261,0,0,0,0,NA,0,0,0,0,0,0,0,NA,NA,0,0,0,0,0
2/1/2021,26,2/1/2021 5:36,2/1/2021 10:50,5.233333,0.6,2.275,0.9416667,1.416667,4.633333,71,93,91,59,68.91,-0.43,15.375,0.2,76,30.23729,71.60254,-1.523397,-1.655141,-0.5671383,-1.034987,0,0,0,0,NA,0,0,0,0,0,0,0,NA,NA,0,0,0,75,125
2/2/2021,28,2/2/2021 6:17,2/2/2021 11:25,5.133333,1.05,2.041667,0.4083333,1.633333,4.083333,57,72,70,65,70.98,-0.57,14.875,0.06666667,68,30.23729,71.60254,-2.019153,-2.490856,-0.299449,0.3906371,NA,NA,NA,NA,NA,NA,NA,NA,NA,NA,NA,NA,NA,NA,NA,NA,0,NA,NA
2/3/2021,37,2/3/2021 3:52,2/3/2021 15:28,11.6,0.7333333,5.925,2.508333,2.433333,10.86667,88,99,67,58,66.75,-0.3,15.5,0.04166667,86,30.23729,71.60254,-1.063053,-1.446212,0.9051527,-1.272591,0,0,0,0,NA,0,0,0,0,0,0,0,NA,NA,0,0,0,25,75
2/4/2021,31,2/4/2021 6:30,2/4/2021 12:01,5.516667,0.4333333,2.408333,0.7833333,1.891667,5.083333,66,97,67,63,71.18,-0.34,15.375,0.04166667,73,30.23729,71.60254,-1.204698,-1.655141,0.1020849,-0.08457091,0,0,0,0,NA,0,0,0,0,0,0,0,NA,NA,0,0,0,25,75
2/5/2021,26,2/5/2021 5:58,2/5/2021 13:37,7.65,0.3,3.65,1.383333,2.316667,7.35,80,100,64,66,70.52,-0.33,15.25,0.03333333,78,30.23729,71.60254,-1.169286,-1.864069,-0.5671383,0.6282411,NA,NA,NA,NA,NA,NA,NA,NA,NA,NA,NA,NA,NA,NA,NA,NA,0,NA,NA
2/6/2021,33,2/6/2021 6:00,2/6/2021 17:27,11.45,0.9,5.183333,2.591667,2.775,10.55,85,97,72,61,72.45,0.23,15.5,0.4083333,90,30.23729,71.60254,0.813735,-1.446212,0.3697742,-0.5597789,NA,NA,NA,NA,NA,NA,NA,NA,NA,NA,NA,NA,NA,NA,NA,NA,0,NA,NA
2/7/2021,16,2/7/2021 6:29,2/7/2021 12:30,6.016667,0.525,2.725,0.9416667,1.825,5.491667,69,96,64,68,88.9,0.48,17,0.03333333,53,30.23729,71.60254,1.699012,1.060933,-1.905585,1.103449,NA,NA,NA,NA,NA,NA,NA,NA,NA,NA,NA,NA,NA,NA,NA,NA,0,NA,NA
2/8/2021,NA,NA,NA,NA,NA,NA,NA,NA,NA,NA,NA,NA,NA,NA,NA,NA,NA,NA,30.23729,71.60254,NA,NA,NA,NA,0,0,0,0,NA,0,0,0,0,0,0,0,NA,NA,0,0,0,25,50
2/9/2021,29,2/9/2021 4:37,2/9/2021 12:32,7.916667,0.525,4.016667,1.233333,2.141667,7.391667,82,99,64,63,70.49,0.35,16.125,0.03333333,85,30.23729,71.60254,1.238668,-0.4015681,-0.1656044,-0.08457091,0,0,0,0,NA,0,0,0,0,0,0,0,NA,NA,0,0,0,0,0
2/10/2021,34,2/10/2021 5:10,2/10/2021 10:22,5.2,0.375,1.775,0.6666667,2.383333,4.825,70,98,99,65,71.19,0.39,16.375,0.2416667,69,30.23729,71.60254,1.380313,0.01628936,0.5036188,0.3906371,0,0,0,0,NA,0,0,0,0,0,0,0,NA,NA,0,0,0,75,175
2/11/2021,35,2/11/2021 2:55,2/11/2021 10:35,7.666667,0.2416667,3.516667,1.225,2.683333,7.425,84,100,67,63,68.78,0.31,16.125,0.04166667,84,30.23729,71.60254,1.097024,-0.4015681,0.6374635,-0.08457091,0,0,0,0,NA,0,0,0,0,0,0,0,NA,NA,0,0,0,100,175
2/12/2021,21,2/12/2021 4:32,2/12/2021 10:36,6.066667,0.4166667,3.158333,0.95,1.541667,5.65,73,98,67,66,77.06,0.37,16.25,0.05,66,30.23729,71.60254,1.30949,-0.1926394,-1.236362,0.6282411,NA,NA,NA,NA,NA,NA,NA,NA,NA,NA,NA,NA,NA,NA,NA,NA,0,NA,NA
2/13/2021,31,2/13/2021 5:16,2/13/2021 15:43,10.45,1.05,6.008333,1.183333,2.208333,9.4,82,95,86,65,75.89,0.3,16.875,0.1583333,83,30.23729,71.60254,1.061613,0.8520043,0.1020849,0.3906371,NA,NA,NA,NA,NA,NA,NA,NA,NA,NA,NA,NA,NA,NA,NA,NA,0,NA,NA
2/14/2021,NA,NA,NA,NA,NA,NA,NA,NA,NA,NA,NA,NA,NA,NA,NA,NA,NA,0,30.23729,71.60254,NA,NA,NA,NA,0,0,0,0,NA,0,0,0,0,0,0,0,NA,NA,0,0,0,0,0
2/15/2021,30,2/15/2021 6:14,2/15/2021 14:51,8.616667,0.45,3.975,2.016667,2.175,8.166667,85,100,72,64,69.06,0.16,16.25,0.08333333,92,30.23729,71.60254,0.5658573,-0.1926394,-0.03175975,0.1530331,0,0,0,0,NA,0,0,0,0,0,0,0,NA,NA,0,0,0,0,0
2/16/2021,28,2/16/2021 5:31,2/16/2021 12:31,7,0.5666667,3.683333,0.9666667,1.783333,6.433333,77,97,97,60,69.56,0.24,16.625,0.2333333,78,30.23729,71.60254,0.8491461,0.4341469,-0.299449,-0.7973829,NA,NA,NA,NA,NA,NA,NA,NA,NA,NA,NA,NA,NA,NA,NA,NA,0,NA,NA
2/17/2021,12,2/17/2021 6:29,2/17/2021 12:56,6.45,0.975,1.725,2.233333,1.516667,5.475,67,83,67,83,96.38,1.54,18.125,0.04166667,34,30.23729,71.60254,5.452589,2.941292,-2.440963,4.667509,NA,NA,NA,NA,NA,NA,NA,NA,NA,NA,NA,NA,NA,NA,NA,NA,0,NA,NA
2/18/2021,18,2/18/2021 5:10,2/18/2021 14:05,8.916667,1.358333,4.141667,1.758333,1.658333,7.558333,83,83,97,69,80.94,0.61,18.375,0.2583333,60,30.23729,71.60254,2.159357,3.359149,-1.637895,1.341053,NA,NA,NA,NA,NA,NA,NA,NA,NA,NA,NA,NA,NA,NA,NA,NA,0,NA,NA
2/19/2021,27,2/19/2021 7:50,2/19/2021 15:41,7.85,0.4666667,4.25,1.541667,1.591667,7.383333,76,99,62,65,71.48,-0.02,16.75,0.008333333,73,30.23729,71.60254,-0.07154242,0.6430756,-0.4332937,0.3906371,0,0,0,0,NA,0,0,0,0,0,0,0,NA,NA,0,0,0,25,50
2/20/2021,14,2/20/2021 6:58,2/20/2021 13:26,6.466667,0.525,3.141667,1.333333,1.466667,5.941667,72,97,67,69,79.57,-0.15,15.625,0.05,63,30.23729,71.60254,-0.5318867,-1.237283,-2.173274,1.341053,NA,NA,NA,NA,NA,NA,NA,NA,NA,NA,NA,NA,NA,NA,NA,NA,0,NA,NA
2/21/2021,35,2/21/2021 6:36,2/21/2021 16:16,9.666667,0.475,5.083333,2.316667,1.791667,9.191667,85,100,70,61,66.7,-0.22,15.875,0.05833333,82,30.23729,71.60254,-0.7797644,-0.8194256,0.6374635,-0.5597789,NA,NA,NA,NA,NA,NA,NA,NA,NA,NA,NA,NA,NA,NA,NA,NA,0,NA,NA
2/22/2021,31,2/22/2021 4:19,2/22/2021 13:36,9.283333,0.8666667,5.525,1.8,1.091667,8.416667,87,96,78,60,75.72,0.52,17.125,0.1166667,75,30.23729,71.60254,1.840657,1.269862,0.1020849,-0.7973829,NA,NA,NA,NA,NA,NA,NA,NA,NA,NA,NA,NA,NA,NA,NA,NA,0,NA,NA
2/23/2021,NA,NA,NA,NA,NA,NA,NA,NA,NA,NA,NA,NA,NA,NA,NA,NA,NA,NA,30.23729,71.60254,NA,NA,NA,NA,0,0,0,0,NA,0,0,0,0,0,0,0,NA,NA,0,0,0,50,75
2/24/2021,22,2/24/2021 5:16,2/24/2021 10:47,5.516667,0.5166667,2.558333,0.7666667,1.675,5,72,96,91,65,72.47,-0.33,16.125,0.3,73,30.23729,71.60254,-1.169286,-0.4015681,-1.102517,0.3906371,0,0,0,0,NA,0,0,0,0,0,0,0,NA,NA,0,0,0,25,50
2/25/2021,26,2/25/2021 4:47,2/25/2021 10:39,5.866667,0.2166667,2.75,1.108333,1.791667,5.65,75,100,67,62,71.38,-0.19,16,0.05,71,30.23729,71.60254,-0.6735311,-0.6104969,-0.5671383,-0.3221749,0,0,0,0,NA,0,0,0,0,0,0,0,NA,NA,0,0,0,25,75
2/26/2021,19,2/26/2021 4:53,2/26/2021 10:59,6.1,0.6583333,3.333333,0.5833333,1.525,5.441667,72,95,81,70,79.39,-0.03,16.25,0.1333333,60,30.23729,71.60254,-0.1069535,-0.1926394,-1.504051,1.578657,0,0,0,0,NA,0,0,0,0,0,0,0,NA,NA,0,0,0,25,100
2/27/2021,29,2/27/2021 7:42,2/27/2021 16:23,8.683333,0.3833333,4.533333,1.975,1.791667,8.3,81,100,67,65,73.91,0.29,15.875,0.05,75,30.23729,71.60254,1.026202,-0.8194256,-0.1656044,0.3906371,0,0,0,0,NA,0,0,0,0,0,0,0,NA,NA,0,0,0,25,75
2/28/2021,32,2/28/2021 6:44,2/28/2021 15:22,8.633333,0.7166667,4.558333,1.741667,1.616667,7.916667,83,97,97,62,67.4,-0.26,15.5,0.2333333,86,30.23729,71.60254,-0.9214088,-1.446212,0.2359295,-0.3221749,NA,NA,NA,NA,NA,NA,NA,NA,NA,NA,NA,NA,NA,NA,NA,NA,0,NA,NA
3/1/2021,31,3/1/2021 1:04,3/1/2021 10:30,9.433333,1.008333,5.016667,1.516667,1.891667,8.425,91,93,70,60,66.99,-0.09,15.875,0.05833333,88,30.23729,71.60254,-0.3194201,-0.8194256,0.1020849,-0.7973829,0,0,0,0,NA,0,0,0,0,0,0,0,NA,NA,0,0,0,100,225
3/2/2021,NA,NA,NA,NA,NA,NA,NA,NA,NA,NA,NA,NA,NA,NA,NA,NA,NA,NA,30.23729,71.60254,NA,NA,NA,NA,NA,NA,NA,NA,NA,NA,NA,NA,NA,NA,NA,NA,NA,NA,NA,NA,0,NA,NA
3/3/2021,29,3/3/2021 5:58,3/3/2021 12:58,7,0.3,3.016667,0.9333333,2.75,6.7,77,100,67,64,73.43,-0.48,15.75,0.04166667,77,30.23729,71.60254,-1.700453,-1.028354,-0.1656044,0.1530331,0,0,0,0,NA,0,0,0,0,0,0,0,NA,NA,0,0,0,25,75
3/4/2021,24,3/4/2021 6:30,3/4/2021 13:06,6.6,0.6583333,2.883333,0.95,2.108333,5.941667,68,95,67,66,72.72,-0.04,15.75,0.05,70,30.23729,71.60254,-0.1423646,-1.028354,-0.8348276,0.6282411,0,0,0,0,NA,0,0,0,0,0,0,0,NA,NA,0,0,0,50,100
3/5/2021,33,3/5/2021 4:57,3/5/2021 12:30,7.55,0.3083333,3.358333,1.691667,2.191667,7.241667,84,100,70,63,69.45,0.15,16.25,0.05833333,82,30.23729,71.60254,0.5304462,-0.1926394,0.3697742,-0.08457091,NA,NA,NA,NA,NA,NA,NA,NA,NA,NA,NA,NA,NA,NA,NA,NA,0,NA,NA
3/6/2021,15,3/6/2021 8:10,3/6/2021 15:55,7.75,0.375,3.741667,1.766667,1.866667,7.375,78,100,81,74,88.91,0.56,17.75,0.125,59,30.23729,71.60254,1.982301,2.314506,-2.039429,2.529073,NA,NA,NA,NA,NA,NA,NA,NA,NA,NA,NA,NA,NA,NA,NA,NA,0,NA,NA
3/7/2021,26,3/7/2021 5:33,3/7/2021 12:42,7.15,0.275,3.366667,1.466667,2.041667,6.875,81,100,67,64,71.65,0.25,16.125,0.05,81,30.23729,71.60254,0.8845572,-0.4015681,-0.5671383,0.1530331,0,0,0,0,NA,0,0,0,0,0,0,0,NA,NA,0,0,0,0,0
3/8/2021,35,3/8/2021 5:01,3/8/2021 12:18,7.283333,0.2333333,3.941667,0.95,2.158333,7.05,78,100,64,62,67.73,0.22,16.125,0.03333333,81,30.23729,71.60254,0.7783239,-0.4015681,0.6374635,-0.3221749,NA,NA,NA,NA,NA,NA,NA,NA,NA,NA,NA,NA,NA,NA,NA,NA,0,NA,NA
3/9/2021,29,3/9/2021 6:48,3/9/2021 12:36,5.8,0.2416667,2.508333,0.825,2.225,5.558333,68,100,70,68,74.41,-0.06,16.25,0.05833333,68,30.23729,71.60254,-0.2131868,-0.1926394,-0.1656044,1.103449,0,0,0,0,NA,0,0,0,0,0,0,0,NA,NA,0,0,0,25,125
3/10/2021,19,3/10/2021 3:55,3/10/2021 10:31,6.6,0.3916667,3.441667,1.358333,1.408333,6.208333,82,99,99,70,77.8,0.47,16.375,0.25,60,30.23729,71.60254,1.663601,0.01628936,-1.504051,1.578657,NA,NA,NA,NA,NA,NA,NA,NA,NA,NA,NA,NA,NA,NA,NA,NA,0,NA,NA
3/11/2021,21,3/11/2021 3:18,3/11/2021 10:46,7.466667,0.9083333,3.816667,1.416667,1.325,6.558333,75,90,22,70,75.87,0.35,17.875,0.7416667,68,30.23729,71.60254,1.238668,2.523434,-1.236362,1.578657,0,0,0,0,NA,0,0,0,0,0,0,0,NA,NA,0,0,0,25,75
3/12/2021,27,3/12/2021 3:45,3/12/2021 10:32,6.783333,0.2833333,3.741667,1.066667,1.691667,6.5,78,100,70,65,72.59,0.17,17.375,0.06666667,71,30.23729,71.60254,0.6012684,1.687719,-0.4332937,0.3906371,NA,NA,NA,NA,NA,NA,NA,NA,NA,NA,NA,NA,NA,NA,NA,NA,0,NA,NA
3/13/2021,23,3/13/2021 6:08,3/13/2021 16:12,10.06667,0.3916667,6.4,2.125,1.15,9.675,85,100,67,68,77.17,0.35,17.125,0.05,73,30.23729,71.60254,1.238668,1.269862,-0.9686722,1.103449,NA,NA,NA,NA,NA,NA,NA,NA,NA,NA,NA,NA,NA,NA,NA,NA,0,NA,NA
3/14/2021,28,3/14/2021 6:16,3/14/2021 15:30,9.233333,0.2833333,5.65,2.008333,1.291667,8.95,85,100,64,63,74.95,0.16,17.25,0.03333333,80,30.23729,71.60254,0.5658573,1.478791,-0.299449,-0.08457091,0,0,0,0,NA,0,0,0,0,0,0,0,NA,NA,0,0,0,0,0
3/15/2021,29,3/15/2021 4:20,3/15/2021 9:37,5.283333,0.325,2.508333,0.8666667,1.583333,4.958333,69,100,70,60,68.47,-0.14,16.875,0.06666667,78,30.23729,71.60254,-0.4964756,0.8520043,-0.1656044,-0.7973829,0,0,0,0,NA,0,0,0,0,0,0,0,NA,NA,0,0,0,50,100
3/16/2021,33,3/16/2021 5:03,3/16/2021 11:36,6.55,0.2,3.491667,1.033333,1.825,6.35,73,100,62,60,64.83,-0.23,16.25,0.01666667,79,30.23729,71.60254,-0.8151755,-0.1926394,0.3697742,-0.7973829,0,0,0,0,NA,0,0,0,0,0,0,0,NA,NA,0,0,0,50,100
3/17/2021,24,3/17/2021 5:09,3/17/2021 11:36,6.45,0.5166667,3.008333,0.925,2,5.933333,73,97,94,64,72.61,-0.36,16.875,0.2833333,75,30.23729,71.60254,-1.27552,0.8520043,-0.8348276,0.1530331,NA,NA,NA,NA,NA,NA,NA,NA,NA,NA,NA,NA,NA,NA,NA,NA,0,NA,NA
3/18/2021,25,3/18/2021 4:59,3/18/2021 9:51,4.866667,0.2916667,2.116667,0.2916667,2.166667,4.575,63,99,67,67,73.24,-0.16,16.5,0.04166667,67,30.23729,71.60254,-0.5672978,0.2252181,-0.7009829,0.865845,NA,NA,NA,NA,NA,NA,NA,NA,NA,NA,NA,NA,NA,NA,NA,NA,0,NA,NA
3/19/2021,35,3/19/2021 4:42,3/19/2021 11:31,6.816667,0.2916667,2.658333,1.233333,2.633333,6.525,77,100,75,63,67.2,-0.14,16.375,0.1,81,30.23729,71.60254,-0.4964756,0.01628936,0.6374635,-0.08457091,NA,NA,NA,NA,NA,NA,NA,NA,NA,NA,NA,NA,NA,NA,NA,NA,0,NA,NA
3/20/2021,25,3/20/2021 7:53,3/20/2021 15:43,7.833333,0.5583333,3.458333,1.558333,2.258333,7.275,76,98,75,70,79.57,0.05,16,0.1,66,30.23729,71.60254,0.1763353,-0.6104969,-0.7009829,1.578657,0,0,0,0,NA,0,0,0,0,0,0,0,NA,NA,0,0,0,25,75
3/21/2021,45,3/21/2021 5:01,3/21/2021 11:59,6.966667,0.7416667,3.191667,1.316667,1.716667,6.225,76,95,75,59,64.99,-0.1,16,0.09166667,83,30.23729,71.60254,-0.3548312,-0.6104969,1.97591,-1.034987,0,0,0,0,NA,0,0,0,0,0,0,0,NA,NA,0,0,0,0,0
3/22/2021,48,3/22/2021 4:30,3/22/2021 11:37,7.116667,0.925,3.841667,0.675,1.675,6.191667,71,88,72,56,68.25,-0.05,17,0.08333333,77,30.23729,71.60254,-0.1777757,1.060933,2.377444,-1.747799,0,0,0,0,NA,0,0,0,0,0,0,0,NA,NA,0,0,0,25,75
3/23/2021,41,3/23/2021 5:07,3/23/2021 11:31,6.4,0.575,3.325,0.7333333,1.766667,5.825,68,96,83,60,66.64,-0.37,16.625,0.3416667,79,30.23729,71.60254,-1.310931,0.4341469,1.440531,-0.7973829,0,0,0,0,NA,0,0,0,0,0,0,0,NA,NA,0,0,0,25,75
3/24/2021,39,3/24/2021 3:19,3/24/2021 9:31,6.2,0.275,3.208333,0.8583333,1.858333,5.925,76,100,75,59,66.45,0.07,16.125,0.1,79,30.23729,71.60254,0.2471575,-0.4015681,1.172842,-1.034987,0,0,0,0,NA,0,0,0,0,0,0,0,NA,NA,0,0,0,25,75
3/25/2021,46,3/25/2021 2:06,3/25/2021 11:29,9.383333,1.808333,4.8,1.591667,1.183333,7.575,82,74,67,55,70.45,0.19,16.25,0.04166667,82,30.23729,71.60254,0.6720906,-0.1926394,2.109754,-1.985403,NA,NA,NA,NA,NA,NA,NA,NA,NA,NA,NA,NA,NA,NA,NA,NA,0,NA,NA
3/26/2021,37,3/26/2021 5:06,3/26/2021 14:03,8.95,0.35,5.35,1.475,1.775,8.6,88,100,70,60,69.06,0,15.625,0.06666667,85,30.23729,71.60254,-0.0007202257,-1.237283,0.9051527,-0.7973829,0,0,0,0,NA,0,0,0,0,0,0,0,NA,NA,0,0,0,0,0
3/27/2021,NA,NA,NA,NA,NA,NA,NA,NA,NA,NA,NA,NA,NA,NA,NA,NA,NA,0,30.23729,71.60254,NA,NA,NA,NA,NA,NA,NA,NA,NA,NA,NA,NA,NA,NA,NA,NA,NA,NA,NA,NA,0,NA,NA
3/28/2021,NA,NA,NA,NA,NA,NA,NA,NA,NA,NA,NA,NA,NA,NA,NA,NA,NA,NA,30.23729,71.60254,NA,NA,NA,NA,0,0,0,0,NA,0,0,0,0,0,0,0,NA,NA,0,0,0,0,0
3/29/2021,31,3/29/2021 3:59,3/29/2021 9:31,5.533333,0.3333333,2.741667,0.65,1.808333,5.2,73,99,99,62,67.23,-0.33,16,0.2416667,84,30.23729,71.60254,-1.169286,-0.6104969,0.1020849,-0.3221749,0,0,0,0,NA,0,0,0,0,0,0,0,NA,NA,0,0,0,0,0
3/30/2021,24,3/30/2021 3:39,3/30/2021 11:32,7.883333,0.4333333,4.458333,1.116667,1.875,7.45,85,100,83,64,72.07,-0.1,16.25,0.1416667,85,30.23729,71.60254,-0.3548312,-0.1926394,-0.8348276,0.1530331,NA,NA,NA,NA,NA,NA,NA,NA,NA,NA,NA,NA,NA,NA,NA,NA,0,NA,NA
3/31/2021,22,3/31/2021 4:37,3/31/2021 11:37,7,0.3333333,3.791667,1.341667,1.533333,6.666667,78,100,70,65,72.08,-0.03,16,0.05833333,79,30.23729,71.60254,-0.1069535,-0.6104969,-1.102517,0.3906371,0,0,0,0,NA,0,0,0,0,0,0,0,NA,NA,0,0,0,25,75
4/1/2021,31,4/1/2021 5:05,4/1/2021 11:44,6.65,0.9333333,3.1,0.85,1.766667,5.716667,66,86,67,63,73.8,0.07,16.625,0.04166667,75,30.23729,71.60254,0.2471575,0.4341469,0.1020849,-0.08457091,0,0,0,0,NA,0,0,0,0,0,0,0,NA,NA,0,0,0,25,50
4/2/2021,36,4/2/2021 3:52,4/2/2021 10:02,6.166667,0.6833333,2.5,0.7416667,2.241667,5.483333,73,93,75,60,67.05,0.23,16.875,0.1,78,30.23729,71.60254,0.813735,0.8520043,0.7713081,-0.7973829,0,0,0,0,NA,0,0,0,0,0,0,0,NA,NA,0,0,0,25,75
4/3/2021,24,4/3/2021 4:11,4/3/2021 10:57,6.766667,0.2833333,3.1,1.425,1.958333,6.483333,81,100,78,66,76.95,0.26,16.75,0.1166667,73,30.23729,71.60254,0.9199683,0.6430756,-0.8348276,0.6282411,NA,NA,NA,NA,NA,NA,NA,NA,NA,NA,NA,NA,NA,NA,NA,NA,0,NA,NA
4/4/2021,NA,NA,NA,NA,NA,NA,NA,NA,NA,NA,NA,NA,NA,NA,NA,NA,NA,NA,30.23729,71.60254,NA,NA,NA,NA,0,0,0,0,NA,0,0,0,0,0,0,0,NA,NA,0,0,0,0,50
4/5/2021,33,4/5/2021 4:21,4/5/2021 11:35,7.233333,0.7083333,3.416667,1.333333,1.775,6.525,79,96,86,62,68.48,0.22,16.25,0.1666667,85,30.23729,71.60254,0.7783239,-0.1926394,0.3697742,-0.3221749,0,0,0,0,NA,0,0,0,0,0,0,0,NA,NA,0,0,0,25,75
4/6/2021,35,4/6/2021 3:38,4/6/2021 11:36,7.966667,0.3166667,4.566667,1.258333,1.825,7.65,84,100,62,60,67.51,0.18,16.5,0.01666667,82,30.23729,71.60254,0.6366795,0.2252181,0.6374635,-0.7973829,0,0,0,0,NA,0,0,0,0,0,0,0,NA,NA,0,0,0,25,125
4/7/2021,31,4/7/2021 4:28,4/7/2021 9:46,5.3,0.2666667,1.991667,0.9666667,2.075,5.033333,72,100,83,68,72.22,0.21,17.875,0.1416667,73,30.23729,71.60254,0.7429128,2.523434,0.1020849,1.103449,NA,NA,NA,NA,NA,NA,NA,NA,NA,NA,NA,NA,NA,NA,NA,NA,0,NA,NA
4/8/2021,24,4/7/2021 22:03,4/8/2021 9:36,11.55,4.183333,5.275,1.533333,0.5583333,7.366667,70,34,46,68,75.25,0.69,18.375,0.575,66,30.23729,71.60254,2.442646,3.359149,-0.8348276,1.103449,0,0,0,0,NA,0,0,0,0,0,0,0,NA,NA,0,0,0,25,75
4/9/2021,30,4/9/2021 4:21,4/9/2021 9:37,5.266667,0.2916667,2.441667,0.8333333,1.7,4.975,71,100,78,63,70.03,-0.12,17.125,0.1083333,78,30.23729,71.60254,-0.4256534,1.269862,-0.03175975,-0.08457091,NA,NA,NA,NA,NA,NA,NA,NA,NA,NA,NA,NA,NA,NA,NA,NA,0,NA,NA
4/10/2021,26,4/10/2021 5:12,4/10/2021 15:03,9.85,0.4333333,4.8,2.225,2.391667,9.416667,86,100,70,67,80.21,0.29,17.375,0.06666667,77,30.23729,71.60254,1.026202,1.687719,-0.5671383,0.865845,0,0,0,0,NA,0,0,0,0,0,0,0,NA,NA,0,0,0,25,75
4/11/2021,40,4/11/2021 4:46,4/11/2021 13:53,9.116667,0.3833333,4.975,1.775,1.983333,8.733333,86,100,72,59,65.24,-0.15,17.125,0.075,85,30.23729,71.60254,-0.5318867,1.269862,1.306687,-1.034987,NA,NA,NA,NA,NA,NA,NA,NA,NA,NA,NA,NA,NA,NA,NA,NA,0,NA,NA
4/12/2021,31,4/12/2021 4:00,4/12/2021 10:22,6.366667,1.033333,2.783333,0.9333333,1.616667,5.333333,71,81,72,59,72.4,-0.04,17.75,0.075,74,30.23729,71.60254,-0.1423646,2.314506,0.1020849,-1.034987,0,0,0,0,NA,0,0,0,0,0,0,0,NA,NA,0,0,0,25,75
4/13/2021,38,4/13/2021 4:03,4/13/2021 11:31,7.466667,0.5333333,3.058333,1.691667,2.183333,6.933333,84,98,89,58,65.31,-0.4,17.375,0.175,87,30.23729,71.60254,-1.417164,1.687719,1.038997,-1.272591,NA,NA,NA,NA,NA,NA,NA,NA,NA,NA,NA,NA,NA,NA,NA,NA,0,NA,NA
4/14/2021,42,4/14/2021 5:16,4/14/2021 13:58,8.7,0.5,4.091667,1.741667,2.366667,8.2,82,99,67,56,63.85,-0.06,16,0.05,88,30.23729,71.60254,-0.2131868,-0.6104969,1.574376,-1.747799,NA,NA,NA,NA,NA,NA,NA,NA,NA,NA,NA,NA,NA,NA,NA,NA,0,NA,NA
4/15/2021,35,4/15/2021 5:31,4/15/2021 11:36,6.083333,0.425,3.075,1,1.583333,5.658333,68,98,72,59,65.94,-0.63,16.375,0.075,79,30.23729,71.60254,-2.231619,0.01628936,0.6374635,-1.034987,0,0,0,0,NA,0,0,0,0,0,0,0,NA,NA,0,0,0,25,75
4/16/2021,31,4/16/2021 4:23,4/16/2021 11:42,7.316667,0.3166667,3.558333,1.458333,1.983333,7,83,100,91,63,69.25,-0.34,16,0.1916667,84,30.23729,71.60254,-1.204698,-0.6104969,0.1020849,-0.08457091,NA,NA,NA,NA,NA,NA,NA,NA,NA,NA,NA,NA,NA,NA,NA,NA,0,NA,NA
4/17/2021,26,4/17/2021 5:13,4/17/2021 11:44,6.516667,0.3416667,3.575,0.825,1.775,6.175,73,100,67,64,71.17,-0.46,16.25,0.04166667,77,30.23729,71.60254,-1.629631,-0.1926394,-0.5671383,0.1530331,0,0,0,0,NA,0,0,0,0,0,0,0,NA,NA,0,0,0,25,75
4/18/2021,44,4/18/2021 4:28,4/18/2021 13:01,8.55,0.8166667,4.058333,1.475,2.2,7.733333,81,95,67,59,68.33,-0.3,16.125,0.04166667,88,30.23729,71.60254,-1.063053,-0.4015681,1.842065,-1.034987,0,0,0,0,NA,0,0,0,0,0,0,0,NA,NA,0,0,0,25,150
